id,doi,title,display_name,publication_year,publication_date,language,type,type_crossref,indexed_in,institution_assertions,countries_distinct_count,institutions_distinct_count,corresponding_author_ids,corresponding_institution_ids,apc_list,apc_paid,fwci,has_fulltext,fulltext_origin,cited_by_count,is_retracted,is_paratext,mesh,locations_count,sustainable_development_goals,grants,datasets,versions,referenced_works_count,referenced_works,related_works,cited_by_api_url,updated_date,created_date,ids.openalex,ids.doi,primary_location.is_oa,primary_location.landing_page_url,primary_location.pdf_url,primary_location.source.id,primary_location.source.display_name,primary_location.source.issn_l,primary_location.source.issn,primary_location.source.is_oa,primary_location.source.is_in_doaj,primary_location.source.is_core,primary_location.source.host_organization,primary_location.source.host_organization_name,primary_location.source.host_organization_lineage,primary_location.source.host_organization_lineage_names,primary_location.source.type,primary_location.license,primary_location.license_id,primary_location.version,primary_location.is_accepted,primary_location.is_published,open_access.is_oa,open_access.oa_status,open_access.oa_url,open_access.any_repository_has_fulltext,citation_normalized_percentile.value,citation_normalized_percentile.is_in_top_1_percent,citation_normalized_percentile.is_in_top_10_percent,cited_by_percentile_year.min,cited_by_percentile_year.max,biblio.volume,biblio.issue,biblio.first_page,biblio.last_page,primary_topic.id,primary_topic.display_name,primary_topic.score,primary_topic.subfield.id,primary_topic.subfield.display_name,primary_topic.field.id,primary_topic.field.display_name,primary_topic.domain.id,primary_topic.domain.display_name,best_oa_location.is_oa,best_oa_location.landing_page_url,best_oa_location.pdf_url,best_oa_location.source.id,best_oa_location.source.display_name,best_oa_location.source.issn_l,best_oa_location.source.issn,best_oa_location.source.is_oa,best_oa_location.source.is_in_doaj,best_oa_location.source.is_core,best_oa_location.source.host_organization,best_oa_location.source.host_organization_name,best_oa_location.source.host_organization_lineage,best_oa_location.source.host_organization_lineage_names,best_oa_location.source.type,best_oa_location.license,best_oa_location.license_id,best_oa_location.version,best_oa_location.is_accepted,best_oa_location.is_published,best_oa_location,primary_location.source,abstract,authorships.author_position,authorships.institutions,authorships.countries,authorships.is_corresponding,authorships.raw_author_name,authorships.raw_affiliation_strings,authorships.affiliations,authorships.author.id,authorships.author.display_name,authorships.author.orcid,topics.id,topics.display_name,topics.score,topics.subfield.id,topics.subfield.display_name,topics.field.id,topics.field.display_name,topics.domain.id,topics.domain.display_name,keywords.id,keywords.display_name,keywords.score,concepts.id,concepts.wikidata,concepts.display_name,concepts.level,concepts.score,locations.is_oa,locations.landing_page_url,locations.pdf_url,locations.license,locations.license_id,locations.version,locations.is_accepted,locations.is_published,locations.source.id,locations.source.display_name,locations.source.issn_l,locations.source.issn,locations.source.is_oa,locations.source.is_in_doaj,locations.source.is_core,locations.source.host_organization,locations.source.host_organization_name,locations.source.host_organization_lineage,locations.source.host_organization_lineage_names,locations.source.type,locations.source,counts_by_year.year,counts_by_year.cited_by_count
https://openalex.org/W4392148978,https://doi.org/10.52294/001c.92760,Proceedings of the OHBM Brainhack 2022,Proceedings of the OHBM Brainhack 2022,2024,2024-03-18,en,article,journal-article,crossref,,14,68,,,,,0.0,True,pdf,0,False,False,,3,,,,,56,https://openalex.org/W1974687978|https://openalex.org/W1991056282|https://openalex.org/W2006096283|https://openalex.org/W2022566626|https://openalex.org/W2053664347|https://openalex.org/W2088263677|https://openalex.org/W2089940272|https://openalex.org/W2104048700|https://openalex.org/W2104885639|https://openalex.org/W2108207998|https://openalex.org/W2117140276|https://openalex.org/W2124757386|https://openalex.org/W2127890285|https://openalex.org/W2135595031|https://openalex.org/W2153667747|https://openalex.org/W2155624710|https://openalex.org/W2156451368|https://openalex.org/W2166073443|https://openalex.org/W2302501749|https://openalex.org/W2559595761|https://openalex.org/W2560079766|https://openalex.org/W2749069611|https://openalex.org/W2781541284|https://openalex.org/W2785114431|https://openalex.org/W2883121292|https://openalex.org/W2912497992|https://openalex.org/W2937417973|https://openalex.org/W2942818360|https://openalex.org/W2950120067|https://openalex.org/W2950532129|https://openalex.org/W2950587369|https://openalex.org/W2951103577|https://openalex.org/W2951583631|https://openalex.org/W2981150028|https://openalex.org/W2985923507|https://openalex.org/W2996586346|https://openalex.org/W3009669872|https://openalex.org/W3009688448|https://openalex.org/W3032928286|https://openalex.org/W3087472936|https://openalex.org/W3121991495|https://openalex.org/W3122320078|https://openalex.org/W3131396636|https://openalex.org/W3163496149|https://openalex.org/W3173485414|https://openalex.org/W3173556047|https://openalex.org/W3174106697|https://openalex.org/W4210478786|https://openalex.org/W4212944460|https://openalex.org/W4220740581|https://openalex.org/W4220802106|https://openalex.org/W4224212725|https://openalex.org/W4225108117|https://openalex.org/W4241074797|https://openalex.org/W4285504812|https://openalex.org/W4287550627,https://openalex.org/W649410576|https://openalex.org/W4378605586|https://openalex.org/W4256453413|https://openalex.org/W4248006302|https://openalex.org/W3045785873|https://openalex.org/W2788570199|https://openalex.org/W2267913355|https://openalex.org/W2000787479|https://openalex.org/W1539266347|https://openalex.org/W1488904332,https://api.openalex.org/works?filter=cites:W4392148978,2024-10-27T08:51:57.833230,2024-02-26,https://openalex.org/W4392148978,https://doi.org/10.52294/001c.92760,True,https://doi.org/10.52294/001c.92760,https://apertureneuro.org/article/92760.pdf,https://openalex.org/S4387281425,Aperture Neuro,2957-3963,2957-3963,False,False,True,,,,,journal,cc-by,https://openalex.org/licenses/cc-by,publishedVersion,True,True,True,hybrid,https://apertureneuro.org/article/92760.pdf,True,0.0,False,False,0,86,4,,,,https://openalex.org/T13280,Hackathons in Biomedical Engineering Education,0.9985,https://openalex.org/subfields/2204,Biomedical Engineering,https://openalex.org/fields/22,Engineering,https://openalex.org/domains/3,Physical Sciences,True,https://doi.org/10.52294/001c.92760,https://apertureneuro.org/article/92760.pdf,https://openalex.org/S4387281425,Aperture Neuro,2957-3963,2957-3963,False,False,True,,,,,journal,cc-by,https://openalex.org/licenses/cc-by,publishedVersion,True,True,,,"OHBM Brainhack 2022 took place in June 2022. The first hybrid OHBM hackathon, it had an in-person component taking place in Glasgow and three hubs around the globe to improve inclusivity and fit as many timezones as possible. In the buzzing setting of the Queen Margaret Union and of the virtual platform, 23 projects were presented after development. Following are the reports of 14 of those, as well as a recapitulation of the organisation of the event.",first|middle|middle|middle|middle|middle|middle|middle|middle|middle|middle|middle|middle|middle|middle|middle|middle|middle|middle|middle|middle|middle|middle|middle|middle|middle|middle|middle|middle|middle|middle|middle|middle|middle|middle|middle|middle|middle|middle|middle|middle|middle|middle|middle|middle|middle|middle|middle|middle|middle|middle|middle|middle|middle|middle|middle|middle|middle|middle|middle|middle|middle|middle|middle|middle|middle|middle|middle|middle|middle|middle|middle|middle|middle|middle|middle|middle|middle|middle|middle|middle|middle|middle|last,"{'id': 'https://openalex.org/I5124864', 'display_name': 'École Polytechnique Fédérale de Lausanne', 'ror': 'https://ror.org/02s376052', 'country_code': 'CH', 'type': 'education', 'lineage': ['https://openalex.org/I2799323385', 'https://openalex.org/I5124864']}|{'id': 'https://openalex.org/I114457229', 'display_name': 'University of Geneva', 'ror': 'https://ror.org/01swzsf04', 'country_code': 'CH', 'type': 'education', 'lineage': ['https://openalex.org/I114457229']}|{'id': 'https://openalex.org/I4210126907', 'display_name': 'Institut Universitaire de Gériatrie de Montréal', 'ror': 'https://ror.org/031z68d90', 'country_code': 'CA', 'type': 'facility', 'lineage': ['https://openalex.org/I4210126907']}|{'id': 'https://openalex.org/I86519309', 'display_name': 'The University of Texas at Austin', 'ror': 'https://ror.org/00hj54h04', 'country_code': 'US', 'type': 'education', 'lineage': ['https://openalex.org/I86519309']}|{'id': 'https://openalex.org/I63966007', 'display_name': 'Massachusetts Institute of Technology', 'ror': 'https://ror.org/042nb2s44', 'country_code': 'US', 'type': 'education', 'lineage': ['https://openalex.org/I63966007']}|{'id': 'https://openalex.org/I75951250', 'display_name': 'Freie Universität Berlin', 'ror': 'https://ror.org/046ak2485', 'country_code': 'DE', 'type': 'education', 'lineage': ['https://openalex.org/I75951250']}||{'id': 'https://openalex.org/I7882870', 'display_name': 'University of Glasgow', 'ror': 'https://ror.org/00vtgdb53', 'country_code': 'GB', 'type': 'education', 'lineage': ['https://openalex.org/I7882870']}|{'id': 'https://openalex.org/I2802351361', 'display_name': 'Centre Hospitalier Universitaire Sainte-Justine', 'ror': 'https://ror.org/01gv74p78', 'country_code': 'CA', 'type': 'healthcare', 'lineage': ['https://openalex.org/I2802351361']}|{'id': 'https://openalex.org/I70931966', 'display_name': 'Université de Montréal', 'ror': 'https://ror.org/0161xgx34', 'country_code': 'CA', 'type': 'education', 'lineage': ['https://openalex.org/I70931966']}|{'id': 'https://openalex.org/I45683168', 'display_name': 'Polytechnique Montréal', 'ror': 'https://ror.org/05f8d4e86', 'country_code': 'CA', 'type': 'education', 'lineage': ['https://openalex.org/I45683168']}|{'id': 'https://openalex.org/I204730241', 'display_name': 'Université Paris Cité', 'ror': 'https://ror.org/05f82e368', 'country_code': 'FR', 'type': 'education', 'lineage': ['https://openalex.org/I204730241']}|{'id': 'https://openalex.org/I277688954', 'display_name': 'Université Paris-Saclay', 'ror': 'https://ror.org/03xjwb503', 'country_code': 'FR', 'type': 'education', 'lineage': ['https://openalex.org/I277688954']}|{'id': 'https://openalex.org/I157485424', 'display_name': 'Korea Advanced Institute of Science and Technology', 'ror': 'https://ror.org/05apxxy63', 'country_code': 'KR', 'type': 'education', 'lineage': ['https://openalex.org/I157485424']}|{'id': 'https://openalex.org/I39565521', 'display_name': 'Office of Science', 'ror': 'https://ror.org/00mmn6b08', 'country_code': 'US', 'type': 'government', 'lineage': ['https://openalex.org/I1330989302', 'https://openalex.org/I39565521']}|{'id': 'https://openalex.org/I4210158500', 'display_name': 'National Institute of Mental Health', 'ror': 'https://ror.org/04xeg9z08', 'country_code': 'US', 'type': 'facility', 'lineage': ['https://openalex.org/I1299022934', 'https://openalex.org/I1299303238', 'https://openalex.org/I4210158500']}|{'id': 'https://openalex.org/I165779595', 'display_name': 'University of Melbourne', 'ror': 'https://ror.org/01ej9dk98', 'country_code': 'AU', 'type': 'education', 'lineage': ['https://openalex.org/I165779595']}|{'id': 'https://openalex.org/I4210112801', 'display_name': 'Orygen', 'ror': 'https://ror.org/02apyk545', 'country_code': 'AU', 'type': 'other', 'lineage': ['https://openalex.org/I4210112801']}|{'id': 'https://openalex.org/I200719446', 'display_name': 'Vanderbilt University', 'ror': 'https://ror.org/02vm5rt34', 'country_code': 'US', 'type': 'education', 'lineage': ['https://openalex.org/I200719446']}|{'id': 'https://openalex.org/I4210130445', 'display_name': 'Max Planck Institute for Human Cognitive and Brain Sciences', 'ror': 'https://ror.org/0387jng26', 'country_code': 'DE', 'type': 'facility', 'lineage': ['https://openalex.org/I149899117', 'https://openalex.org/I4210130445']}|{'id': 'https://openalex.org/I887064364', 'display_name': 'University of Amsterdam', 'ror': 'https://ror.org/04dkp9463', 'country_code': 'NL', 'type': 'education', 'lineage': ['https://openalex.org/I887064364']}|{'id': 'https://openalex.org/I74973139', 'display_name': 'Carnegie Mellon University', 'ror': 'https://ror.org/05x2bcf33', 'country_code': 'US', 'type': 'education', 'lineage': ['https://openalex.org/I74973139']}|{'id': 'https://openalex.org/I4210126907', 'display_name': 'Institut Universitaire de Gériatrie de Montréal', 'ror': 'https://ror.org/031z68d90', 'country_code': 'CA', 'type': 'facility', 'lineage': ['https://openalex.org/I4210126907']}|{'id': 'https://openalex.org/I165143802', 'display_name': 'University of Queensland', 'ror': 'https://ror.org/00rqy9422', 'country_code': 'AU', 'type': 'education', 'lineage': ['https://openalex.org/I165143802']}|{'id': 'https://openalex.org/I185523456', 'display_name': 'University of Southern Queensland', 'ror': 'https://ror.org/04sjbnx57', 'country_code': 'AU', 'type': 'education', 'lineage': ['https://openalex.org/I185523456']}|{'id': 'https://openalex.org/I2801227569', 'display_name': 'Ghent University Hospital', 'ror': 'https://ror.org/00xmkp704', 'country_code': 'BE', 'type': 'healthcare', 'lineage': ['https://openalex.org/I2801227569']}|{'id': 'https://openalex.org/I114457229', 'display_name': 'University of Geneva', 'ror': 'https://ror.org/01swzsf04', 'country_code': 'CH', 'type': 'education', 'lineage': ['https://openalex.org/I114457229']}|{'id': 'https://openalex.org/I56590836', 'display_name': 'Monash University', 'ror': 'https://ror.org/02bfwt286', 'country_code': 'AU', 'type': 'education', 'lineage': ['https://openalex.org/I56590836']}|{'id': 'https://openalex.org/I39565521', 'display_name': 'Office of Science', 'ror': 'https://ror.org/00mmn6b08', 'country_code': 'US', 'type': 'government', 'lineage': ['https://openalex.org/I1330989302', 'https://openalex.org/I39565521']}|{'id': 'https://openalex.org/I4210158500', 'display_name': 'National Institute of Mental Health', 'ror': 'https://ror.org/04xeg9z08', 'country_code': 'US', 'type': 'facility', 'lineage': ['https://openalex.org/I1299022934', 'https://openalex.org/I1299303238', 'https://openalex.org/I4210158500']}|{'id': 'https://openalex.org/I86519309', 'display_name': 'The University of Texas at Austin', 'ror': 'https://ror.org/00hj54h04', 'country_code': 'US', 'type': 'education', 'lineage': ['https://openalex.org/I86519309']}|{'id': 'https://openalex.org/I34352273', 'display_name': 'Maastricht University', 'ror': 'https://ror.org/02jz4aj89', 'country_code': 'NL', 'type': 'education', 'lineage': ['https://openalex.org/I34352273']}|{'id': 'https://openalex.org/I2801533059', 'display_name': 'German Center for Neurodegenerative Diseases', 'ror': 'https://ror.org/043j0f473', 'country_code': 'DE', 'type': 'facility', 'lineage': ['https://openalex.org/I1305996414', 'https://openalex.org/I2801533059']}|{'id': 'https://openalex.org/I22465464', 'display_name': 'University of Münster', 'ror': 'https://ror.org/00pd74e08', 'country_code': 'DE', 'type': 'education', 'lineage': ['https://openalex.org/I22465464']}|{'id': 'https://openalex.org/I141596103', 'display_name': 'University of Lisbon', 'ror': 'https://ror.org/01c27hj86', 'country_code': 'PT', 'type': 'education', 'lineage': ['https://openalex.org/I141596103']}|{'id': 'https://openalex.org/I203847022', 'display_name': 'Instituto Politécnico de Lisboa', 'ror': 'https://ror.org/04ea70f07', 'country_code': 'PT', 'type': 'education', 'lineage': ['https://openalex.org/I203847022']}|{'id': 'https://openalex.org/I79619799', 'display_name': 'University of Birmingham', 'ror': 'https://ror.org/03angcq70', 'country_code': 'GB', 'type': 'education', 'lineage': ['https://openalex.org/I79619799']}|{'id': 'https://openalex.org/I31746571', 'display_name': 'UNSW Sydney', 'ror': 'https://ror.org/03r8z3t63', 'country_code': 'AU', 'type': 'education', 'lineage': ['https://openalex.org/I31746571']}|{'id': 'https://openalex.org/I95674353', 'display_name': 'UCLouvain', 'ror': 'https://ror.org/02495e989', 'country_code': 'BE', 'type': 'education', 'lineage': ['https://openalex.org/I95674353']}||{'id': 'https://openalex.org/I79619799', 'display_name': 'University of Birmingham', 'ror': 'https://ror.org/03angcq70', 'country_code': 'GB', 'type': 'education', 'lineage': ['https://openalex.org/I79619799']}|{'id': 'https://openalex.org/I136199984', 'display_name': 'Harvard University', 'ror': 'https://ror.org/03vek6s52', 'country_code': 'US', 'type': 'education', 'lineage': ['https://openalex.org/I136199984']}|{'id': 'https://openalex.org/I63966007', 'display_name': 'Massachusetts Institute of Technology', 'ror': 'https://ror.org/042nb2s44', 'country_code': 'US', 'type': 'education', 'lineage': ['https://openalex.org/I63966007']}|{'id': 'https://openalex.org/I200719446', 'display_name': 'Vanderbilt University', 'ror': 'https://ror.org/02vm5rt34', 'country_code': 'US', 'type': 'education', 'lineage': ['https://openalex.org/I200719446']}|{'id': 'https://openalex.org/I4210128584', 'display_name': 'The Alan Turing Institute', 'ror': 'https://ror.org/035dkdb55', 'country_code': 'GB', 'type': 'facility', 'lineage': ['https://openalex.org/I4210128584']}|{'id': 'https://openalex.org/I2800016483', 'display_name': 'British Library', 'ror': 'https://ror.org/05dhe8b71', 'country_code': 'GB', 'type': 'archive', 'lineage': ['https://openalex.org/I2800016483']}|{'id': 'https://openalex.org/I40120149', 'display_name': 'University of Oxford', 'ror': 'https://ror.org/052gg0110', 'country_code': 'GB', 'type': 'education', 'lineage': ['https://openalex.org/I40120149']}|{'id': 'https://openalex.org/I125680101', 'display_name': 'Turing Institute', 'ror': 'https://ror.org/02x2mw849', 'country_code': 'GB', 'type': 'facility', 'lineage': ['https://openalex.org/I125680101']}|{'id': 'https://openalex.org/I70931966', 'display_name': 'Université de Montréal', 'ror': 'https://ror.org/0161xgx34', 'country_code': 'CA', 'type': 'education', 'lineage': ['https://openalex.org/I70931966']}|{'id': 'https://openalex.org/I34352273', 'display_name': 'Maastricht University', 'ror': 'https://ror.org/02jz4aj89', 'country_code': 'NL', 'type': 'education', 'lineage': ['https://openalex.org/I34352273']}|{'id': 'https://openalex.org/I4210138057', 'display_name': 'Brain Innovation (Netherlands)', 'ror': 'https://ror.org/03nbnyc28', 'country_code': 'NL', 'type': 'company', 'lineage': ['https://openalex.org/I4210138057']}|{'id': 'https://openalex.org/I107672454', 'display_name': 'Dartmouth College', 'ror': 'https://ror.org/049s0rh22', 'country_code': 'US', 'type': 'education', 'lineage': ['https://openalex.org/I107672454']}|{'id': 'https://openalex.org/I44260953', 'display_name': 'Heinrich Heine University Düsseldorf', 'ror': 'https://ror.org/024z2rq82', 'country_code': 'DE', 'type': 'education', 'lineage': ['https://openalex.org/I44260953']}|{'id': 'https://openalex.org/I5023651', 'display_name': 'McGill University', 'ror': 'https://ror.org/01pxwe438', 'country_code': 'CA', 'type': 'education', 'lineage': ['https://openalex.org/I5023651']}|{'id': 'https://openalex.org/I1292859797', 'display_name': 'Montreal Neurological Institute and Hospital', 'ror': 'https://ror.org/05ghs6f64', 'country_code': 'CA', 'type': 'healthcare', 'lineage': ['https://openalex.org/I1292859797']}|{'id': 'https://openalex.org/I204730241', 'display_name': 'Université Paris Cité', 'ror': 'https://ror.org/05f82e368', 'country_code': 'FR', 'type': 'education', 'lineage': ['https://openalex.org/I204730241']}|{'id': 'https://openalex.org/I44260953', 'display_name': 'Heinrich Heine University Düsseldorf', 'ror': 'https://ror.org/024z2rq82', 'country_code': 'DE', 'type': 'education', 'lineage': ['https://openalex.org/I44260953']}|{'id': 'https://openalex.org/I2801833913', 'display_name': 'Ernst Ruska Centre', 'ror': 'https://ror.org/03hass884', 'country_code': 'DE', 'type': 'facility', 'lineage': ['https://openalex.org/I1305996414', 'https://openalex.org/I171892758', 'https://openalex.org/I2801833913']}|{'id': 'https://openalex.org/I185261750', 'display_name': 'University of Toronto', 'ror': 'https://ror.org/03dbr7087', 'country_code': 'CA', 'type': 'education', 'lineage': ['https://openalex.org/I185261750']}|{'id': 'https://openalex.org/I2801862477', 'display_name': 'Canada Research Chairs', 'ror': 'https://ror.org/0517h6h17', 'country_code': 'CA', 'type': 'government', 'lineage': ['https://openalex.org/I2801862477', 'https://openalex.org/I2802286613']}|{'id': 'https://openalex.org/I34352273', 'display_name': 'Maastricht University', 'ror': 'https://ror.org/02jz4aj89', 'country_code': 'NL', 'type': 'education', 'lineage': ['https://openalex.org/I34352273']}|{'id': 'https://openalex.org/I79619799', 'display_name': 'University of Birmingham', 'ror': 'https://ror.org/03angcq70', 'country_code': 'GB', 'type': 'education', 'lineage': ['https://openalex.org/I79619799']}|{'id': 'https://openalex.org/I40120149', 'display_name': 'University of Oxford', 'ror': 'https://ror.org/052gg0110', 'country_code': 'GB', 'type': 'education', 'lineage': ['https://openalex.org/I40120149']}|{'id': 'https://openalex.org/I145872427', 'display_name': 'Radboud University Nijmegen', 'ror': 'https://ror.org/016xsfp80', 'country_code': 'NL', 'type': 'education', 'lineage': ['https://openalex.org/I145872427']}|{'id': 'https://openalex.org/I71965598', 'display_name': 'Adelphi University', 'ror': 'https://ror.org/025n13r50', 'country_code': 'US', 'type': 'education', 'lineage': ['https://openalex.org/I71965598']}|{'id': 'https://openalex.org/I4210130445', 'display_name': 'Max Planck Institute for Human Cognitive and Brain Sciences', 'ror': 'https://ror.org/0387jng26', 'country_code': 'DE', 'type': 'facility', 'lineage': ['https://openalex.org/I149899117', 'https://openalex.org/I4210130445']}|{'id': 'https://openalex.org/I44260953', 'display_name': 'Heinrich Heine University Düsseldorf', 'ror': 'https://ror.org/024z2rq82', 'country_code': 'DE', 'type': 'education', 'lineage': ['https://openalex.org/I44260953']}|{'id': 'https://openalex.org/I4210133936', 'display_name': 'Stadtwerke Jülich (Germany)', 'ror': 'https://ror.org/03kmaet43', 'country_code': 'DE', 'type': 'company', 'lineage': ['https://openalex.org/I4210133936']}|{'id': 'https://openalex.org/I4210130445', 'display_name': 'Max Planck Institute for Human Cognitive and Brain Sciences', 'ror': 'https://ror.org/0387jng26', 'country_code': 'DE', 'type': 'facility', 'lineage': ['https://openalex.org/I149899117', 'https://openalex.org/I4210130445']}|{'id': 'https://openalex.org/I97018004', 'display_name': 'Stanford University', 'ror': 'https://ror.org/00f54p054', 'country_code': 'US', 'type': 'education', 'lineage': ['https://openalex.org/I97018004']}|{'id': 'https://openalex.org/I200719446', 'display_name': 'Vanderbilt University', 'ror': 'https://ror.org/02vm5rt34', 'country_code': 'US', 'type': 'education', 'lineage': ['https://openalex.org/I200719446']}|{'id': 'https://openalex.org/I56067802', 'display_name': 'Université de Rennes', 'ror': 'https://ror.org/015m7wh34', 'country_code': 'FR', 'type': 'education', 'lineage': ['https://openalex.org/I56067802']}|{'id': 'https://openalex.org/I40120149', 'display_name': 'University of Oxford', 'ror': 'https://ror.org/052gg0110', 'country_code': 'GB', 'type': 'education', 'lineage': ['https://openalex.org/I40120149']}|{'id': 'https://openalex.org/I2801851002', 'display_name': 'Harvard University Press', 'ror': 'https://ror.org/006v7bf86', 'country_code': 'US', 'type': 'other', 'lineage': ['https://openalex.org/I136199984', 'https://openalex.org/I2801851002']}|{'id': 'https://openalex.org/I4210133936', 'display_name': 'Stadtwerke Jülich (Germany)', 'ror': 'https://ror.org/03kmaet43', 'country_code': 'DE', 'type': 'company', 'lineage': ['https://openalex.org/I4210133936']}|{'id': 'https://openalex.org/I44260953', 'display_name': 'Heinrich Heine University Düsseldorf', 'ror': 'https://ror.org/024z2rq82', 'country_code': 'DE', 'type': 'education', 'lineage': ['https://openalex.org/I44260953']}|{'id': 'https://openalex.org/I51216347', 'display_name': 'Anglia Ruskin University', 'ror': 'https://ror.org/0009t4v78', 'country_code': 'GB', 'type': 'education', 'lineage': ['https://openalex.org/I51216347']}|{'id': 'https://openalex.org/I171892758', 'display_name': 'Forschungszentrum Jülich', 'ror': 'https://ror.org/02nv7yv05', 'country_code': 'DE', 'type': 'facility', 'lineage': ['https://openalex.org/I1305996414', 'https://openalex.org/I171892758']}|{'id': 'https://openalex.org/I20089843', 'display_name': 'Princeton University', 'ror': 'https://ror.org/00hx57361', 'country_code': 'US', 'type': 'education', 'lineage': ['https://openalex.org/I20089843']}||{'id': 'https://openalex.org/I4210160792', 'display_name': 'National Institute of Mental Health', 'ror': 'https://ror.org/04t0s7x83', 'country_code': 'JP', 'type': 'government', 'lineage': ['https://openalex.org/I4210103779', 'https://openalex.org/I4210160792']}|{'id': 'https://openalex.org/I31746571', 'display_name': 'UNSW Sydney', 'ror': 'https://ror.org/03r8z3t63', 'country_code': 'AU', 'type': 'education', 'lineage': ['https://openalex.org/I31746571']}|{'id': 'https://openalex.org/I4210164802', 'display_name': 'Mila - Quebec Artificial Intelligence Institute', 'ror': 'https://ror.org/05c22rx21', 'country_code': 'CA', 'type': 'facility', 'lineage': ['https://openalex.org/I4210164802']}|{'id': 'https://openalex.org/I70931966', 'display_name': 'Université de Montréal', 'ror': 'https://ror.org/0161xgx34', 'country_code': 'CA', 'type': 'education', 'lineage': ['https://openalex.org/I70931966']}||{'id': 'https://openalex.org/I3130874397', 'display_name': 'Western Caspian University', 'ror': 'https://ror.org/05cgtjz78', 'country_code': 'AZ', 'type': 'education', 'lineage': ['https://openalex.org/I3130874397']}|{'id': 'https://openalex.org/I117942362', 'display_name': 'Western Illinois University', 'ror': 'https://ror.org/02sshz518', 'country_code': 'US', 'type': 'education', 'lineage': ['https://openalex.org/I117942362']}|{'id': 'https://openalex.org/I4210138057', 'display_name': 'Brain Innovation (Netherlands)', 'ror': 'https://ror.org/03nbnyc28', 'country_code': 'NL', 'type': 'company', 'lineage': ['https://openalex.org/I4210138057']}|{'id': 'https://openalex.org/I34352273', 'display_name': 'Maastricht University', 'ror': 'https://ror.org/02jz4aj89', 'country_code': 'NL', 'type': 'education', 'lineage': ['https://openalex.org/I34352273']}|{'id': 'https://openalex.org/I171892758', 'display_name': 'Forschungszentrum Jülich', 'ror': 'https://ror.org/02nv7yv05', 'country_code': 'DE', 'type': 'facility', 'lineage': ['https://openalex.org/I1305996414', 'https://openalex.org/I171892758']}|{'id': 'https://openalex.org/I34352273', 'display_name': 'Maastricht University', 'ror': 'https://ror.org/02jz4aj89', 'country_code': 'NL', 'type': 'education', 'lineage': ['https://openalex.org/I34352273']}|{'id': 'https://openalex.org/I204337017', 'display_name': 'Aarhus University', 'ror': 'https://ror.org/01aj84f44', 'country_code': 'DK', 'type': 'education', 'lineage': ['https://openalex.org/I204337017']}|{'id': 'https://openalex.org/I5023651', 'display_name': 'McGill University', 'ror': 'https://ror.org/01pxwe438', 'country_code': 'CA', 'type': 'education', 'lineage': ['https://openalex.org/I5023651']}|{'id': 'https://openalex.org/I22465464', 'display_name': 'University of Münster', 'ror': 'https://ror.org/00pd74e08', 'country_code': 'DE', 'type': 'education', 'lineage': ['https://openalex.org/I22465464']}|{'id': 'https://openalex.org/I170201317', 'display_name': 'University of Pittsburgh', 'ror': 'https://ror.org/01an3r305', 'country_code': 'US', 'type': 'education', 'lineage': ['https://openalex.org/I170201317']}|{'id': 'https://openalex.org/I162608824', 'display_name': 'University of Sussex', 'ror': 'https://ror.org/00ayhx656', 'country_code': 'GB', 'type': 'education', 'lineage': ['https://openalex.org/I162608824']}|{'id': 'https://openalex.org/I2801533059', 'display_name': 'German Center for Neurodegenerative Diseases', 'ror': 'https://ror.org/043j0f473', 'country_code': 'DE', 'type': 'facility', 'lineage': ['https://openalex.org/I1305996414', 'https://openalex.org/I2801533059']}||{'id': 'https://openalex.org/I5023651', 'display_name': 'McGill University', 'ror': 'https://ror.org/01pxwe438', 'country_code': 'CA', 'type': 'education', 'lineage': ['https://openalex.org/I5023651']}|{'id': 'https://openalex.org/I204730241', 'display_name': 'Université Paris Cité', 'ror': 'https://ror.org/05f82e368', 'country_code': 'FR', 'type': 'education', 'lineage': ['https://openalex.org/I204730241']}|{'id': 'https://openalex.org/I157536573', 'display_name': 'Institut Pasteur', 'ror': 'https://ror.org/0495fxg12', 'country_code': 'FR', 'type': 'nonprofit', 'lineage': ['https://openalex.org/I157536573']}|{'id': 'https://openalex.org/I5023651', 'display_name': 'McGill University', 'ror': 'https://ror.org/01pxwe438', 'country_code': 'CA', 'type': 'education', 'lineage': ['https://openalex.org/I5023651']}|{'id': 'https://openalex.org/I2801833913', 'display_name': 'Ernst Ruska Centre', 'ror': 'https://ror.org/03hass884', 'country_code': 'DE', 'type': 'facility', 'lineage': ['https://openalex.org/I1305996414', 'https://openalex.org/I171892758', 'https://openalex.org/I2801833913']}|{'id': 'https://openalex.org/I44260953', 'display_name': 'Heinrich Heine University Düsseldorf', 'ror': 'https://ror.org/024z2rq82', 'country_code': 'DE', 'type': 'education', 'lineage': ['https://openalex.org/I44260953']}|{'id': 'https://openalex.org/I4210130445', 'display_name': 'Max Planck Institute for Human Cognitive and Brain Sciences', 'ror': 'https://ror.org/0387jng26', 'country_code': 'DE', 'type': 'facility', 'lineage': ['https://openalex.org/I149899117', 'https://openalex.org/I4210130445']}|{'id': 'https://openalex.org/I44260953', 'display_name': 'Heinrich Heine University Düsseldorf', 'ror': 'https://ror.org/024z2rq82', 'country_code': 'DE', 'type': 'education', 'lineage': ['https://openalex.org/I44260953']}|||{'id': 'https://openalex.org/I7877124', 'display_name': 'Charité - Universitätsmedizin Berlin', 'ror': 'https://ror.org/001w7jn25', 'country_code': 'DE', 'type': 'healthcare', 'lineage': ['https://openalex.org/I7877124']}|{'id': 'https://openalex.org/I75951250', 'display_name': 'Freie Universität Berlin', 'ror': 'https://ror.org/046ak2485', 'country_code': 'DE', 'type': 'education', 'lineage': ['https://openalex.org/I75951250']}|{'id': 'https://openalex.org/I39343248', 'display_name': 'Humboldt-Universität zu Berlin', 'ror': 'https://ror.org/01hcx6992', 'country_code': 'DE', 'type': 'education', 'lineage': ['https://openalex.org/I39343248']}|{'id': 'https://openalex.org/I204465549', 'display_name': 'Washington University in St. Louis', 'ror': 'https://ror.org/01yc7t268', 'country_code': 'US', 'type': 'education', 'lineage': ['https://openalex.org/I204465549']}|{'id': 'https://openalex.org/I161318765', 'display_name': 'University of California, Los Angeles', 'ror': 'https://ror.org/046rm7j60', 'country_code': 'US', 'type': 'education', 'lineage': ['https://openalex.org/I161318765']}|{'id': 'https://openalex.org/I161318765', 'display_name': 'University of California, Los Angeles', 'ror': 'https://ror.org/046rm7j60', 'country_code': 'US', 'type': 'education', 'lineage': ['https://openalex.org/I161318765']}|{'id': 'https://openalex.org/I74973139', 'display_name': 'Carnegie Mellon University', 'ror': 'https://ror.org/05x2bcf33', 'country_code': 'US', 'type': 'education', 'lineage': ['https://openalex.org/I74973139']}|{'id': 'https://openalex.org/I159107703', 'display_name': 'Eastern Washington University', 'ror': 'https://ror.org/002g57a93', 'country_code': 'US', 'type': 'education', 'lineage': ['https://openalex.org/I159107703']}",CH|CA|US|US|DE||GB|CA|FR|KR|US|AU|US|DE|NL|CA|US|AU|BE|CH|AU|US|US|NL|DE|DE|PT|GB|AU|BE|FR|GB|US|US|GB|CA|NL|US|DE|CA|FR|DE|CA|NL|GB|GB|NL|US|DE|DE|US|US|FR|GB|US|DE|DE|DE|GB|US||JP|AU|CA|US|AZ|US|NL|DE|NL|DK|CA|DE|US|GB|DE||CA|FR|CA|DE|DE|||DE|US|US|US|US,False|False|False|False|False|False|False|False|False|False|False|False|False|False|False|False|False|False|False|False|False|False|False|False|False|False|False|False|False|False|False|False|False|False|False|False|False|False|False|False|False|False|False|False|False|False|False|False|False|False|False|False|False|False|False|False|False|False|False|False|False|False|False|False|False|False|False|False|False|False|False|False|False|False|False|False|False|False|False|False|False|False|False|False,Stefano Moia|Hao-Ting Wang|Anibal S. Heinsfeld|Dorota Jarecka|Yu Fang Yang|Stephan Heunis|Michele Svanera|Benjamin De Leener|Andrea Gondová|Sin Kim|Arshitha Basavaraj|Johanna M.M. Bayer|Roza G. Bayrak|Pierre-Louis Bazin|Isil Poyraz Bilgin|Steffen Bollmann|Daniel Borek|Valentina Borghesani|Trang Cao|Gang Chen|Alejandro De La Vega|Sebastian Dresbach|Philipp Ehses|Jan Ernsting|Inês Esteves|Oscar Ferrante|Kelly G. Garner|Rémi Gau|Elodie Germani|Tara Ghafari|Satrajit S. Ghosh|Sarah E. Goodale|Cassandra D. Gould van Praag|Samuel Guay|Omer Faruk Gulban|Yaroslav O. Halchenko|Michael Hanke|Peer Herholz|Katja Heuer|Felix Hoffstaedter|Ruoqi Huang|Renzo Huber|Ole Jensen|Kan Keeratimahat|Julian Q. Kosciessa|Sladjana Lukic|Neville Magielse|Christopher J. Markiewicz|Caroline G. Martin|Camille Maumet|Anna Menacher|Jeff Mentch|Christian Mönch|Shammi More|Leonardo Muller-Rodriguez|Samuel A. Nastase|Eliana Nicolaisen-Sobesky|Dylan M. Nielson|Christopher R. Nolan|François Paugam|Pedro Pinheiro-Chagas|Ana Luísa Pinho|Alessandra Pizzuti|Benjamin Poldrack|Benedikt A. Poser|Roberta Rocca|Jacob Sanz-Robinson|Kelvin Sarink|Kevin R. Sitek|Nadine Spychala|Rüdiger Stirnberg|Michał Szczepanik|Mohammad Torabi|Roberto Toro|Sebastian G.W. Urchs|Sofie L. Valk|Adina S. Wagner|Laura K. Waite|Alexander Q. Waite|Lea Waller|Tyler J. Wishard|Jianxiao Wu|Yuchen Zhou|Janine D. Bijsterbosch,"Faculty of Medicine, University of Geneva|École Polytechnique Fédérale de Lausanne|Centre de recherche de l'Institut universitaire de gériatrie de Montréal|The University of Texas at Austin|University of Texas at Austin [Austin] (1 University Station Austin, Texas 78712 - United States)|MIT - Massachusetts Institute of Technology (77 Massachusetts Ave, Cambridge, MA 02139 - United States)|Freie Universität Berlin|Institute of Neuroscience and Medicine, Research Centre Jülich|School of Psychology & Neuroscience [Glasgow] (62 Hillhead Street
Glasgow
G12 8QB - United Kingdom)|CHU Sainte-Justine Research Center, University of Montreal|Institute of Biomedical Engineering, Polytechnique Montreal|Polytechnique Montreal|Université Paris Cité|Université Paris-Saclay|KAIST - Korea Advanced Institute of Science and Technology (291 Daehak-ro, Yuseong-gu, Daejeon 34141, Republic of Korea - South Korea)|NIMH - National Institute of Mental Health (National Institute of Mental Health
Office of Science Policy, Planning, and Communications
6001 Executive Boulevard, Room 6200, MSC 9663
Bethesda, MD 20892-9663 - United States)|Orygen, Melbourne|University of Melbourne (Parkville VIC 3010 - Australia)|Vanderbilt University [Nashville] (Nashville, Tennessee, TN 37240 - United States)|IMPNSC - Max Planck Institute for Human Cognitive and Brain Sciences [Leipzig] (P.O. box 500355 04303 Leipzig - Germany)|UvA - University of Amsterdam [Amsterdam] = Universiteit van Amsterdam (Spui 21 1012 WX Amsterdam - Netherlands)|Carnegie Mellon University [Silicon Valley] (Moffett Field, CA 94035-0001 - United States)|Centre de recherche de l'Institut universitaire de gériatrie de Montréal|USQ - University of Southern Queensland (West St, Darling Heights QLD 4350 - Australia)|University of Queensland|Ghent University Hospital (De Pintelaan 185, 9000 Gent, Belgium - Belgium)|University of Geneva|Monash University [Melbourne] (Victoria 3800, Australia - Australia)|NIMH - National Institute of Mental Health (National Institute of Mental Health
Office of Science Policy, Planning, and Communications
6001 Executive Boulevard, Room 6200, MSC 9663
Bethesda, MD 20892-9663 - United States)|University of Texas at Austin [Austin] (1 University Station Austin, Texas 78712 - United States)|Maastricht University [Maastricht] (Universiteitssingel 40;6200 MD Maastricht - Netherlands)|German Center for Neurodegenerative Diseases|University of Münster|Instituto Superior Técnico – Universidade de Lisboa|University of Birmingham [Birmingham] (Edgbaston
Birmingham B15 2TT - United Kingdom)|UNSW - University of New South Wales [Sydney] (High St
Kensington, Sydney, NSW 2052 - Australia)|Université catholique de Louvain|LACODAM - Large Scale Collaborative Data Mining (Campus de Beaulieu 35042 Rennes cedex - France)|University of Birmingham [Birmingham] (Edgbaston
Birmingham B15 2TT - United Kingdom)|HMS - Harvard Medical School [Boston] (25 Shattuck Street Boston, MA 02115 - United States)|Massachusetts Institute of Technology|Vanderbilt University [Nashville] (Nashville, Tennessee, TN 37240 - United States)|The Alan Turing Institute (British Library, 96 Euston Road, London NW1 2DB - United Kingdom)|University of Oxford (Wellington Square, Oxford OX1 2JD - United Kingdom)|Université de Montréal|Brain Innovation (Netherlands)|Maastricht University [Maastricht] (Universiteitssingel 40;6200 MD Maastricht - Netherlands)|Dartmouth College [Hanover] (Hanover, NH 03755 USA - United States)|Heinrich Heine University Düsseldorf|Institute of Neuroscience and Medicine, Research Centre Jülich|Montreal Neurological Institute and Hospital, McGill University|Université Paris Cité|Heinrich Heine University Düsseldorf|Research Centre Jülich|University of Toronto (27 King's College Circle, Toronto M5S 1A1 - Canada)|Maastricht University [Maastricht] (Universiteitssingel 40;6200 MD Maastricht - Netherlands)|University of Birmingham [Birmingham] (Edgbaston
Birmingham B15 2TT - United Kingdom)|University of Oxford (Wellington Square, Oxford OX1 2JD - United Kingdom)|Radboud University [Nijmegen] (Houtlaan 4, 
6525 XZ Nijmegen - Netherlands)|Adelphi University|Heinrich Heine University Düsseldorf|Max Planck Institute for Human Cognitive and Brain Sciences|Research Center Jülich|IMPNSC - Max Planck Institute for Human Cognitive and Brain Sciences [Leipzig] (P.O. box 500355 04303 Leipzig - Germany)|Stanford University|Vanderbilt University [Nashville] (Nashville, Tennessee, TN 37240 - United States)|University of Rennes|University of Oxford (Wellington Square, Oxford OX1 2JD - United Kingdom)|Harvard University|Harvard University (Massachusetts Hall, Cambridge, MA 02138 - United States)|Research Center Jülich|Heinrich Heine University Düsseldorf|Institute of Neuroscience and Medicine, Research Centre Jülich|ARU - Anglia Ruskin University (United Kingdom)|Forschungszentrum Julich|Princeton University (Princeton, NJ 08544 USA - United States)|Institute of Neuroscience and Medicine, Research Centre Jülich|NIMH - National Institute of Mental Health (Tokyo, Japan - Japan)|University of New South Wales [Kensington] (Australia)|Mila - Quebec Artificial Intelligence Institute|University of Montreal|UC - University of California (United States)|Western Illinois University (Macomb - United States)|Western University|Brain Innovation, Maastricht|Maastricht University [Maastricht] (Universiteitssingel 40;6200 MD Maastricht - Netherlands)|Forschungszentrum Julich|Maastricht University [Maastricht] (Universiteitssingel 40;6200 MD Maastricht - Netherlands)|Aarhus University [Aarhus] (Nordre Ringgade 1 DK-8000 Aarhus C - Denmark)|McGill University|University of Münster|PITT - University of Pittsburgh (4200 Fifth Avenue Pittsburgh, PA 15260 - United States)|University of Sussex (Brighton BN1 9RH - United Kingdom)|German Center for Neurodegenerative Diseases|Institute of Neuroscience and Medicine, Research Centre Jülich|McGill University|Institut Pasteur, Université Paris Cité|McGill University|Heinrich Heine University Düsseldorf|Max Planck Institute for Human Cognitive and Brain Science|Research Centre Jülich|Heinrich Heine University Düsseldorf|Institute of Neuroscience and Medicine, Research Centre Jülich|Institute of Neuroscience and Medicine, Research Centre Jülich|Institute of Neuroscience and Medicine, Research Centre Jülich|Charité Universitätsmedizin Berlin, corporate member of Freie Universität Berlin and Humboldt-Universität zu Berlin|UCLA - University of California [Los Angeles] ( Los Angeles, Californie 90095 - United States)|Washington University in St. Louis|Institute of Neuroscience and Medicine, Research Centre Jülich|UCLA - University of California [Los Angeles] ( Los Angeles, Californie 90095 - United States)|CMU - Carnegie Mellon University [Pittsburgh] (5000 Forbes Ave, Pittsburgh, PA 15213 - United States)|Eastern Washington University (526 5th St, Cheney, WA 99004 - United States)","{'raw_affiliation_string': 'École Polytechnique Fédérale de Lausanne', 'institution_ids': ['https://openalex.org/I5124864']}|{'raw_affiliation_string': 'Faculty of Medicine, University of Geneva', 'institution_ids': ['https://openalex.org/I114457229']}|{'raw_affiliation_string': ""Centre de recherche de l'Institut universitaire de gériatrie de Montréal"", 'institution_ids': ['https://openalex.org/I4210126907']}|{'raw_affiliation_string': 'The University of Texas at Austin', 'institution_ids': ['https://openalex.org/I86519309']}|{'raw_affiliation_string': 'University of Texas at Austin [Austin] (1 University Station Austin, Texas 78712 - United States)', 'institution_ids': ['https://openalex.org/I86519309']}|{'raw_affiliation_string': 'MIT - Massachusetts Institute of Technology (77 Massachusetts Ave, Cambridge, MA 02139 - United States)', 'institution_ids': ['https://openalex.org/I63966007']}|{'raw_affiliation_string': 'Freie Universität Berlin', 'institution_ids': ['https://openalex.org/I75951250']}|{'raw_affiliation_string': 'Institute of Neuroscience and Medicine, Research Centre Jülich', 'institution_ids': []}|{'raw_affiliation_string': 'School of Psychology & Neuroscience [Glasgow] (62 Hillhead Street\r\nGlasgow\r\nG12 8QB - United Kingdom)', 'institution_ids': ['https://openalex.org/I7882870']}|{'raw_affiliation_string': 'CHU Sainte-Justine Research Center, University of Montreal', 'institution_ids': ['https://openalex.org/I2802351361', 'https://openalex.org/I70931966']}|{'raw_affiliation_string': 'Polytechnique Montreal', 'institution_ids': ['https://openalex.org/I45683168']}|{'raw_affiliation_string': 'Institute of Biomedical Engineering, Polytechnique Montreal', 'institution_ids': ['https://openalex.org/I45683168']}|{'raw_affiliation_string': 'Université Paris Cité', 'institution_ids': ['https://openalex.org/I204730241']}|{'raw_affiliation_string': 'Université Paris-Saclay', 'institution_ids': ['https://openalex.org/I277688954']}|{'raw_affiliation_string': 'KAIST - Korea Advanced Institute of Science and Technology (291 Daehak-ro, Yuseong-gu, Daejeon 34141, Republic of Korea - South Korea)', 'institution_ids': ['https://openalex.org/I157485424']}|{'raw_affiliation_string': 'NIMH - National Institute of Mental Health (National Institute of Mental Health\r\nOffice of Science Policy, Planning, and Communications\r\n6001 Executive Boulevard, Room 6200, MSC 9663\r\nBethesda, MD 20892-9663 - United States)', 'institution_ids': ['https://openalex.org/I39565521', 'https://openalex.org/I4210158500']}|{'raw_affiliation_string': 'University of Melbourne (Parkville VIC 3010 - Australia)', 'institution_ids': ['https://openalex.org/I165779595']}|{'raw_affiliation_string': 'Orygen, Melbourne', 'institution_ids': ['https://openalex.org/I4210112801']}|{'raw_affiliation_string': 'Vanderbilt University [Nashville] (Nashville, Tennessee, TN 37240 - United States)', 'institution_ids': ['https://openalex.org/I200719446']}|{'raw_affiliation_string': 'IMPNSC - Max Planck Institute for Human Cognitive and Brain Sciences [Leipzig] (P.O. box 500355 04303 Leipzig - Germany)', 'institution_ids': ['https://openalex.org/I4210130445']}|{'raw_affiliation_string': 'UvA - University of Amsterdam [Amsterdam] = Universiteit van Amsterdam (Spui 21 1012 WX Amsterdam - Netherlands)', 'institution_ids': ['https://openalex.org/I887064364']}|{'raw_affiliation_string': 'Carnegie Mellon University [Silicon Valley] (Moffett Field, CA 94035-0001 - United States)', 'institution_ids': ['https://openalex.org/I74973139']}|{'raw_affiliation_string': ""Centre de recherche de l'Institut universitaire de gériatrie de Montréal"", 'institution_ids': ['https://openalex.org/I4210126907']}|{'raw_affiliation_string': 'University of Queensland', 'institution_ids': ['https://openalex.org/I165143802']}|{'raw_affiliation_string': 'USQ - University of Southern Queensland (West St, Darling Heights QLD 4350 - Australia)', 'institution_ids': ['https://openalex.org/I185523456']}|{'raw_affiliation_string': 'Ghent University Hospital (De Pintelaan 185, 9000 Gent, Belgium - Belgium)', 'institution_ids': ['https://openalex.org/I2801227569']}|{'raw_affiliation_string': 'University of Geneva', 'institution_ids': ['https://openalex.org/I114457229']}|{'raw_affiliation_string': 'Monash University [Melbourne] (Victoria 3800, Australia - Australia)', 'institution_ids': ['https://openalex.org/I56590836']}|{'raw_affiliation_string': 'NIMH - National Institute of Mental Health (National Institute of Mental Health\r\nOffice of Science Policy, Planning, and Communications\r\n6001 Executive Boulevard, Room 6200, MSC 9663\r\nBethesda, MD 20892-9663 - United States)', 'institution_ids': ['https://openalex.org/I39565521', 'https://openalex.org/I4210158500']}|{'raw_affiliation_string': 'University of Texas at Austin [Austin] (1 University Station Austin, Texas 78712 - United States)', 'institution_ids': ['https://openalex.org/I86519309']}|{'raw_affiliation_string': 'Maastricht University [Maastricht] (Universiteitssingel 40;6200 MD Maastricht - Netherlands)', 'institution_ids': ['https://openalex.org/I34352273']}|{'raw_affiliation_string': 'German Center for Neurodegenerative Diseases', 'institution_ids': ['https://openalex.org/I2801533059']}|{'raw_affiliation_string': 'University of Münster', 'institution_ids': ['https://openalex.org/I22465464', 'https://openalex.org/I22465464', 'https://openalex.org/I22465464']}|{'raw_affiliation_string': 'Instituto Superior Técnico – Universidade de Lisboa', 'institution_ids': ['https://openalex.org/I141596103', 'https://openalex.org/I203847022']}|{'raw_affiliation_string': 'University of Birmingham [Birmingham] (Edgbaston\r\nBirmingham B15 2TT - United Kingdom)', 'institution_ids': ['https://openalex.org/I79619799']}|{'raw_affiliation_string': 'UNSW - University of New South Wales [Sydney] (High St\r\nKensington, Sydney, NSW 2052 - Australia)', 'institution_ids': ['https://openalex.org/I31746571']}|{'raw_affiliation_string': 'Université catholique de Louvain', 'institution_ids': ['https://openalex.org/I95674353']}|{'raw_affiliation_string': 'LACODAM - Large Scale Collaborative Data Mining (Campus de Beaulieu 35042 Rennes cedex - France)', 'institution_ids': []}|{'raw_affiliation_string': 'University of Birmingham [Birmingham] (Edgbaston\r\nBirmingham B15 2TT - United Kingdom)', 'institution_ids': ['https://openalex.org/I79619799']}|{'raw_affiliation_string': 'HMS - Harvard Medical School [Boston] (25 Shattuck Street Boston, MA 02115 - United States)', 'institution_ids': ['https://openalex.org/I136199984']}|{'raw_affiliation_string': 'Massachusetts Institute of Technology', 'institution_ids': ['https://openalex.org/I63966007']}|{'raw_affiliation_string': 'Vanderbilt University [Nashville] (Nashville, Tennessee, TN 37240 - United States)', 'institution_ids': ['https://openalex.org/I200719446']}|{'raw_affiliation_string': 'The Alan Turing Institute (British Library, 96 Euston Road, London NW1 2DB - United Kingdom)', 'institution_ids': ['https://openalex.org/I4210128584', 'https://openalex.org/I2800016483', 'https://openalex.org/I125680101']}|{'raw_affiliation_string': 'University of Oxford (Wellington Square, Oxford OX1 2JD - United Kingdom)', 'institution_ids': ['https://openalex.org/I40120149']}|{'raw_affiliation_string': 'Université de Montréal', 'institution_ids': ['https://openalex.org/I70931966']}|{'raw_affiliation_string': 'Maastricht University [Maastricht] (Universiteitssingel 40;6200 MD Maastricht - Netherlands)', 'institution_ids': ['https://openalex.org/I34352273']}|{'raw_affiliation_string': 'Brain Innovation (Netherlands)', 'institution_ids': ['https://openalex.org/I4210138057']}|{'raw_affiliation_string': 'Dartmouth College [Hanover] (Hanover, NH 03755 USA - United States)', 'institution_ids': ['https://openalex.org/I107672454']}|{'raw_affiliation_string': 'Heinrich Heine University Düsseldorf', 'institution_ids': ['https://openalex.org/I44260953']}|{'raw_affiliation_string': 'Institute of Neuroscience and Medicine, Research Centre Jülich', 'institution_ids': []}|{'raw_affiliation_string': 'Montreal Neurological Institute and Hospital, McGill University', 'institution_ids': ['https://openalex.org/I5023651', 'https://openalex.org/I1292859797']}|{'raw_affiliation_string': 'Université Paris Cité', 'institution_ids': ['https://openalex.org/I204730241']}|{'raw_affiliation_string': 'Heinrich Heine University Düsseldorf', 'institution_ids': ['https://openalex.org/I44260953']}|{'raw_affiliation_string': 'Research Centre Jülich', 'institution_ids': ['https://openalex.org/I2801833913']}|{'raw_affiliation_string': ""University of Toronto (27 King's College Circle, Toronto M5S 1A1 - Canada)"", 'institution_ids': ['https://openalex.org/I185261750', 'https://openalex.org/I2801862477']}|{'raw_affiliation_string': 'Maastricht University [Maastricht] (Universiteitssingel 40;6200 MD Maastricht - Netherlands)', 'institution_ids': ['https://openalex.org/I34352273']}|{'raw_affiliation_string': 'University of Birmingham [Birmingham] (Edgbaston\r\nBirmingham B15 2TT - United Kingdom)', 'institution_ids': ['https://openalex.org/I79619799']}|{'raw_affiliation_string': 'University of Oxford (Wellington Square, Oxford OX1 2JD - United Kingdom)', 'institution_ids': ['https://openalex.org/I40120149']}|{'raw_affiliation_string': 'Radboud University [Nijmegen] (Houtlaan 4, \r\n6525 XZ Nijmegen - Netherlands)', 'institution_ids': ['https://openalex.org/I145872427']}|{'raw_affiliation_string': 'Adelphi University', 'institution_ids': ['https://openalex.org/I71965598']}|{'raw_affiliation_string': 'Max Planck Institute for Human Cognitive and Brain Sciences', 'institution_ids': ['https://openalex.org/I4210130445']}|{'raw_affiliation_string': 'Heinrich Heine University Düsseldorf', 'institution_ids': ['https://openalex.org/I44260953']}|{'raw_affiliation_string': 'Research Center Jülich', 'institution_ids': ['https://openalex.org/I4210133936']}|{'raw_affiliation_string': 'IMPNSC - Max Planck Institute for Human Cognitive and Brain Sciences [Leipzig] (P.O. box 500355 04303 Leipzig - Germany)', 'institution_ids': ['https://openalex.org/I4210130445']}|{'raw_affiliation_string': 'Stanford University', 'institution_ids': ['https://openalex.org/I97018004']}|{'raw_affiliation_string': 'Vanderbilt University [Nashville] (Nashville, Tennessee, TN 37240 - United States)', 'institution_ids': ['https://openalex.org/I200719446']}|{'raw_affiliation_string': 'University of Rennes', 'institution_ids': ['https://openalex.org/I56067802']}|{'raw_affiliation_string': 'University of Oxford (Wellington Square, Oxford OX1 2JD - United Kingdom)', 'institution_ids': ['https://openalex.org/I40120149']}|{'raw_affiliation_string': 'Harvard University', 'institution_ids': ['https://openalex.org/I2801851002']}|{'raw_affiliation_string': 'Harvard University (Massachusetts Hall, Cambridge, MA 02138 - United States)', 'institution_ids': ['https://openalex.org/I2801851002']}|{'raw_affiliation_string': 'Research Center Jülich', 'institution_ids': ['https://openalex.org/I4210133936']}|{'raw_affiliation_string': 'Heinrich Heine University Düsseldorf', 'institution_ids': ['https://openalex.org/I44260953']}|{'raw_affiliation_string': 'Institute of Neuroscience and Medicine, Research Centre Jülich', 'institution_ids': []}|{'raw_affiliation_string': 'ARU - Anglia Ruskin University (United Kingdom)', 'institution_ids': ['https://openalex.org/I51216347']}|{'raw_affiliation_string': 'Forschungszentrum Julich', 'institution_ids': ['https://openalex.org/I171892758']}|{'raw_affiliation_string': 'Princeton University (Princeton, NJ 08544 USA - United States)', 'institution_ids': ['https://openalex.org/I20089843']}|{'raw_affiliation_string': 'Institute of Neuroscience and Medicine, Research Centre Jülich', 'institution_ids': []}|{'raw_affiliation_string': 'NIMH - National Institute of Mental Health (Tokyo, Japan - Japan)', 'institution_ids': ['https://openalex.org/I4210160792']}|{'raw_affiliation_string': 'University of New South Wales [Kensington] (Australia)', 'institution_ids': ['https://openalex.org/I31746571']}|{'raw_affiliation_string': 'Mila - Quebec Artificial Intelligence Institute', 'institution_ids': ['https://openalex.org/I4210164802']}|{'raw_affiliation_string': 'University of Montreal', 'institution_ids': ['https://openalex.org/I70931966']}|{'raw_affiliation_string': 'UC - University of California (United States)', 'institution_ids': []}|{'raw_affiliation_string': 'Western University', 'institution_ids': ['https://openalex.org/I3130874397']}|{'raw_affiliation_string': 'Western Illinois University (Macomb - United States)', 'institution_ids': ['https://openalex.org/I117942362']}|{'raw_affiliation_string': 'Brain Innovation, Maastricht', 'institution_ids': ['https://openalex.org/I4210138057']}|{'raw_affiliation_string': 'Maastricht University [Maastricht] (Universiteitssingel 40;6200 MD Maastricht - Netherlands)', 'institution_ids': ['https://openalex.org/I34352273']}|{'raw_affiliation_string': 'Forschungszentrum Julich', 'institution_ids': ['https://openalex.org/I171892758']}|{'raw_affiliation_string': 'Maastricht University [Maastricht] (Universiteitssingel 40;6200 MD Maastricht - Netherlands)', 'institution_ids': ['https://openalex.org/I34352273']}|{'raw_affiliation_string': 'Aarhus University [Aarhus] (Nordre Ringgade 1 DK-8000 Aarhus C - Denmark)', 'institution_ids': ['https://openalex.org/I204337017']}|{'raw_affiliation_string': 'McGill University', 'institution_ids': ['https://openalex.org/I5023651']}|{'raw_affiliation_string': 'University of Münster', 'institution_ids': ['https://openalex.org/I22465464']}|{'raw_affiliation_string': 'PITT - University of Pittsburgh (4200 Fifth Avenue Pittsburgh, PA 15260 - United States)', 'institution_ids': ['https://openalex.org/I170201317']}|{'raw_affiliation_string': 'University of Sussex (Brighton BN1 9RH - United Kingdom)', 'institution_ids': ['https://openalex.org/I162608824']}|{'raw_affiliation_string': 'German Center for Neurodegenerative Diseases', 'institution_ids': ['https://openalex.org/I2801533059']}|{'raw_affiliation_string': 'Institute of Neuroscience and Medicine, Research Centre Jülich', 'institution_ids': []}|{'raw_affiliation_string': 'McGill University', 'institution_ids': ['https://openalex.org/I5023651']}|{'raw_affiliation_string': 'Institut Pasteur, Université Paris Cité', 'institution_ids': ['https://openalex.org/I204730241', 'https://openalex.org/I157536573']}|{'raw_affiliation_string': 'McGill University', 'institution_ids': ['https://openalex.org/I5023651']}|{'raw_affiliation_string': 'Research Centre Jülich', 'institution_ids': ['https://openalex.org/I2801833913']}|{'raw_affiliation_string': 'Heinrich Heine University Düsseldorf', 'institution_ids': ['https://openalex.org/I44260953']}|{'raw_affiliation_string': 'Max Planck Institute for Human Cognitive and Brain Science', 'institution_ids': ['https://openalex.org/I4210130445']}|{'raw_affiliation_string': 'Heinrich Heine University Düsseldorf', 'institution_ids': ['https://openalex.org/I44260953']}|{'raw_affiliation_string': 'Institute of Neuroscience and Medicine, Research Centre Jülich', 'institution_ids': []}|{'raw_affiliation_string': 'Institute of Neuroscience and Medicine, Research Centre Jülich', 'institution_ids': []}|{'raw_affiliation_string': 'Institute of Neuroscience and Medicine, Research Centre Jülich', 'institution_ids': []}|{'raw_affiliation_string': 'Charité Universitätsmedizin Berlin, corporate member of Freie Universität Berlin and Humboldt-Universität zu Berlin', 'institution_ids': ['https://openalex.org/I7877124', 'https://openalex.org/I75951250', 'https://openalex.org/I39343248']}|{'raw_affiliation_string': 'Washington University in St. Louis', 'institution_ids': ['https://openalex.org/I204465549']}|{'raw_affiliation_string': 'UCLA - University of California [Los Angeles] ( Los Angeles, Californie 90095 - United States)', 'institution_ids': ['https://openalex.org/I161318765']}|{'raw_affiliation_string': 'UCLA - University of California [Los Angeles] ( Los Angeles, Californie 90095 - United States)', 'institution_ids': ['https://openalex.org/I161318765']}|{'raw_affiliation_string': 'Institute of Neuroscience and Medicine, Research Centre Jülich', 'institution_ids': []}|{'raw_affiliation_string': 'CMU - Carnegie Mellon University [Pittsburgh] (5000 Forbes Ave, Pittsburgh, PA 15213 - United States)', 'institution_ids': ['https://openalex.org/I74973139']}|{'raw_affiliation_string': 'Eastern Washington University (526 5th St, Cheney, WA 99004 - United States)', 'institution_ids': ['https://openalex.org/I159107703']}",https://openalex.org/A5074299216|https://openalex.org/A5063326067|https://openalex.org/A5024812055|https://openalex.org/A5085596106|https://openalex.org/A5001760750|https://openalex.org/A5082896155|https://openalex.org/A5085958018|https://openalex.org/A5024133896|https://openalex.org/A5037444074|https://openalex.org/A5027804835|https://openalex.org/A5080092793|https://openalex.org/A5021920842|https://openalex.org/A5035428224|https://openalex.org/A5052428372|https://openalex.org/A5068401256|https://openalex.org/A5111210062|https://openalex.org/A5093027933|https://openalex.org/A5046290596|https://openalex.org/A5067247554|https://openalex.org/A5091495489|https://openalex.org/A5019792802|https://openalex.org/A5072827238|https://openalex.org/A5036828015|https://openalex.org/A5047848421|https://openalex.org/A5074329379|https://openalex.org/A5073601363|https://openalex.org/A5004427054|https://openalex.org/A5006192024|https://openalex.org/A5085574828|https://openalex.org/A5047238040|https://openalex.org/A5051194003|https://openalex.org/A5057912902|https://openalex.org/A5051642716|https://openalex.org/A5047564593|https://openalex.org/A5069845113|https://openalex.org/A5074058957|https://openalex.org/A5001354938|https://openalex.org/A5034592783|https://openalex.org/A5090959550|https://openalex.org/A5026460417|https://openalex.org/A5085619038|https://openalex.org/A5075033995|https://openalex.org/A5079095273|https://openalex.org/A5059390065|https://openalex.org/A5061580552|https://openalex.org/A5046437772|https://openalex.org/A5021953226|https://openalex.org/A5005898599|https://openalex.org/A5078256151|https://openalex.org/A5028412465|https://openalex.org/A5061662810|https://openalex.org/A5008937403|https://openalex.org/A5102932614|https://openalex.org/A5057689854|https://openalex.org/A5092257120|https://openalex.org/A5056266198|https://openalex.org/A5001220330|https://openalex.org/A5084527051|https://openalex.org/A5020721030|https://openalex.org/A5025932460|https://openalex.org/A5005982930|https://openalex.org/A5060163740|https://openalex.org/A5026822897|https://openalex.org/A5035798770|https://openalex.org/A5089922303|https://openalex.org/A5046123428|https://openalex.org/A5069280621|https://openalex.org/A5037629380|https://openalex.org/A5022299739|https://openalex.org/A5094000737|https://openalex.org/A5029524540|https://openalex.org/A5078395735|https://openalex.org/A5071010567|https://openalex.org/A5060691219|https://openalex.org/A5042842088|https://openalex.org/A5025083691|https://openalex.org/A5081277857|https://openalex.org/A5028993013|https://openalex.org/A5020937808|https://openalex.org/A5077978296|https://openalex.org/A5062771682|https://openalex.org/A5070269169|https://openalex.org/A5084438004|https://openalex.org/A5049357173,Stefano Moia|Hao-Ting Wang|Anibal Sólon Heinsfeld|Dorota Jarecka|Yufang Yang|Stephan Heunis|Michele Svanera|Benjamin De Leener|Andrea Gondová|Sin Kim|Arshitha Basavaraj|Johanna Bayer|Roza G. Bayrak|Pierre‐Louis Bazin|Isil Poyraz Bilgin|Steffen Bollmann|Daniel Borek|Valentina Borghesani|Trang Ngoc Cao|Gang Chen|Alejandro de la Vega|Sebastian Dresbach|Philipp Ehses|Jan Ernsting|Inês Esteves|Oscar Ferrante|Kelly Garner|Rémi Gau|Elodie Germani|Tara Ghafari|Satrajit Ghosh|Sarah E. Goodale|Cassandra Gould van Praag|Samuel Guay|Ömer Faruk Gülban|Yaroslav Halchenko|Michael Hanke|Peer Herholz|Katja Heuer|Felix Hoffstaedter|Ruoqi Huang|Laurentius Huber|Ole Jensen|Kan Keeratimahat|Julian Q. Kosciessa|Sladjana Lukic|Neville Magielse|Christopher J. Markiewicz|Caroline G. Martin|Camille Maumet|Anna Menacher|Jeff Mentch|Christian Mönch|Shammi More|Leonardo Muller-Rodriguez|Samuel A. Nastase|Eliana Nicolaisen‐Sobesky|Dylan M. Nielson|Christopher Nolan|François Paugam|Pedro Pinheiro‐Chagas|Ana Lúısa Pinho|Alessandra Pizzuti|Benjamin Poldrack|Benedikt A. Poser|Roberta Rocca|Jacob Sanz-Robinson|Kelvin Sarink|Kevin R. Sitek|Nadine Spychala|Rüdiger Stirnberg|Michał Szczepanik|Mohammad Torabi|Roberto Toro|Sebastian Urchs|Sofie L. Valk|Adina Wagner|Laura K. Waite|Alexander Q. Waite|Lea Waller|Tyler J. Wishard|Jianxiao Wu|Yuchen Zhou|Janine Bijsterbosch,https://orcid.org/0000-0002-2553-3327|https://orcid.org/0000-0003-4078-2038|https://orcid.org/0000-0002-2050-0614|None|https://orcid.org/0000-0001-9089-6020|https://orcid.org/0000-0003-3503-9872|https://orcid.org/0000-0002-7828-9209|https://orcid.org/0000-0002-1378-2756|https://orcid.org/0000-0001-7442-5747|https://orcid.org/0000-0002-7600-9584|https://orcid.org/0000-0002-6984-7969|https://orcid.org/0000-0003-4891-6256|https://orcid.org/0000-0002-7197-1248|https://orcid.org/0000-0002-0141-5510|https://orcid.org/0000-0003-3600-7004|None|None|https://orcid.org/0000-0002-7909-8631|https://orcid.org/0000-0003-4000-8931|https://orcid.org/0000-0002-8385-5965|https://orcid.org/0000-0001-9062-3778|https://orcid.org/0000-0002-0018-567X|https://orcid.org/0000-0002-5839-6525|https://orcid.org/0000-0003-4649-2111|https://orcid.org/0000-0002-7082-0026|https://orcid.org/0000-0001-6869-7041|https://orcid.org/0000-0002-0690-6941|https://orcid.org/0000-0002-1535-9767|https://orcid.org/0000-0002-5786-9538|https://orcid.org/0000-0002-5178-8702|https://orcid.org/0000-0002-5312-6729|https://orcid.org/0000-0003-0460-6299|https://orcid.org/0000-0002-8584-4637|https://orcid.org/0000-0001-6990-839X|https://orcid.org/0000-0001-7761-3727|https://orcid.org/0000-0003-3456-2493|https://orcid.org/0000-0001-6398-6370|https://orcid.org/0000-0002-9840-6257|https://orcid.org/0000-0002-7237-0196|https://orcid.org/0000-0001-7163-3110|None|https://orcid.org/0000-0002-3291-2202|https://orcid.org/0000-0001-8193-8348|https://orcid.org/0000-0002-5110-2547|https://orcid.org/0000-0002-4553-2794|https://orcid.org/0000-0001-7009-3474|https://orcid.org/0000-0002-6777-4225|https://orcid.org/0000-0002-6533-164X|None|https://orcid.org/0000-0002-6290-553X|None|https://orcid.org/0000-0002-7762-8678|https://orcid.org/0000-0002-3092-0612|https://orcid.org/0000-0002-1272-217X|https://orcid.org/0000-0002-9188-8003|https://orcid.org/0000-0001-7013-5275|https://orcid.org/0000-0002-4806-2863|https://orcid.org/0000-0003-4613-6643|https://orcid.org/0000-0002-0621-2907|None|https://orcid.org/0000-0001-8512-0113|https://orcid.org/0000-0001-8718-0902|https://orcid.org/0000-0002-3311-9118|https://orcid.org/0000-0001-7628-0801|https://orcid.org/0000-0001-8190-4367|https://orcid.org/0000-0001-9017-8088|https://orcid.org/0000-0002-7611-5598|https://orcid.org/0000-0002-4840-5619|https://orcid.org/0000-0002-2172-5786|None|https://orcid.org/0000-0001-7021-1063|https://orcid.org/0000-0002-4028-2087|https://orcid.org/0000-0002-4429-8481|https://orcid.org/0000-0002-6671-858X|https://orcid.org/0000-0001-5504-8579|https://orcid.org/0000-0003-2998-6849|https://orcid.org/0000-0003-2917-3450|https://orcid.org/0000-0003-2213-7465|https://orcid.org/0000-0002-8402-6173|https://orcid.org/0000-0002-3239-6957|https://orcid.org/0000-0002-3822-3328|https://orcid.org/0000-0002-4866-272X|https://orcid.org/0000-0001-9012-8072|https://orcid.org/0000-0002-1385-9178,https://openalex.org/T13280|https://openalex.org/T11642,Hackathons in Biomedical Engineering Education|Standards and Guidelines for Genetic Variant Interpretation,0.9985|0.9336,https://openalex.org/subfields/2204|https://openalex.org/subfields/1311,Biomedical Engineering|Genetics,https://openalex.org/fields/22|https://openalex.org/fields/13,"Engineering|Biochemistry, Genetics and Molecular Biology",https://openalex.org/domains/3|https://openalex.org/domains/1,Physical Sciences|Life Sciences,https://openalex.org/keywords/globe|https://openalex.org/keywords/queen,Globe|Queen (butterfly),0.7684657|0.7157897,https://openalex.org/C2775899829|https://openalex.org/C2781321516|https://openalex.org/C2779662365|https://openalex.org/C76155785|https://openalex.org/C127413603|https://openalex.org/C95457728|https://openalex.org/C15744967|https://openalex.org/C2780653484|https://openalex.org/C59822182|https://openalex.org/C121332964|https://openalex.org/C62520636|https://openalex.org/C169760540|https://openalex.org/C86803240,https://www.wikidata.org/wiki/Q3109007|https://www.wikidata.org/wiki/Q310836|https://www.wikidata.org/wiki/Q5416694|https://www.wikidata.org/wiki/Q418|https://www.wikidata.org/wiki/Q11023|https://www.wikidata.org/wiki/Q309|https://www.wikidata.org/wiki/Q9418|https://www.wikidata.org/wiki/Q22651|https://www.wikidata.org/wiki/Q441|https://www.wikidata.org/wiki/Q413|https://www.wikidata.org/wiki/Q944|https://www.wikidata.org/wiki/Q207011|https://www.wikidata.org/wiki/Q420,Globe|Queen (butterfly)|Event (particle physics)|Telecommunications|Engineering|History|Psychology|Hymenoptera|Botany|Physics|Quantum mechanics|Neuroscience|Biology,2|3|2|1|0|0|0|2|1|0|1|1|0,0.7684657|0.7157897|0.61384594|0.36632562|0.34304833|0.32157445|0.23872277|0.0|0.0|0.0|0.0|0.0|0.0,True|True|True,https://doi.org/10.52294/001c.92760|https://inria.hal.science/hal-04478342|https://inria.hal.science/hal-04478342/file/OHBM-Brainhack-2022.pdf,https://apertureneuro.org/article/92760.pdf|https://inria.hal.science/hal-04478342/document|https://inria.hal.science/hal-04478342/file/OHBM-Brainhack-2022.pdf,cc-by|cc-by|cc-by,https://openalex.org/licenses/cc-by|https://openalex.org/licenses/cc-by|https://openalex.org/licenses/cc-by,publishedVersion|submittedVersion|submittedVersion,True|False|False,True|False|False,https://openalex.org/S4387281425|nan|nan,Aperture Neuro|nan|nan,2957-3963|nan|nan,2957-3963|nan|nan,False|nan|nan,False|nan|nan,True|nan|nan,None|nan|nan,None|nan|nan,|nan|nan,|nan|nan,journal|nan|nan,nan|nan|nan,,
https://openalex.org/W4396567434,https://doi.org/10.1145/3652920.3653055,RadioMe: Adaptive Radio with Music Intervention and Reminder System for People with Dementia in Their Own Home,RadioMe: Adaptive Radio with Music Intervention and Reminder System for People with Dementia in Their Own Home,2024,2024-04-04,en,article,proceedings-article,crossref,,1,3,,,,,0.0,False,,0,False,False,,1,,,,,10,https://openalex.org/W2007255103|https://openalex.org/W2152507440|https://openalex.org/W3013865212|https://openalex.org/W3026290230|https://openalex.org/W3111051599|https://openalex.org/W3140416159|https://openalex.org/W3160076412|https://openalex.org/W4381429530|https://openalex.org/W4381946582|https://openalex.org/W4385729879,https://openalex.org/W4391375266|https://openalex.org/W4389568370|https://openalex.org/W3108674512|https://openalex.org/W3032375762|https://openalex.org/W3031052312|https://openalex.org/W2899084033|https://openalex.org/W2748952813|https://openalex.org/W2080531066|https://openalex.org/W1995515455|https://openalex.org/W1506200166,https://api.openalex.org/works?filter=cites:W4396567434,2024-10-23T20:08:56.861558,2024-05-02,https://openalex.org/W4396567434,https://doi.org/10.1145/3652920.3653055,False,https://doi.org/10.1145/3652920.3653055,,,,,,,,,,,,,,,,,False,False,False,closed,,False,0.0,False,False,0,86,,,304,306,https://openalex.org/T11519,Digital Mental Health Interventions and Efficacy,0.8038,https://openalex.org/subfields/3202,Applied Psychology,https://openalex.org/fields/32,Psychology,https://openalex.org/domains/2,Social Sciences,,,,,,,,,,,,,,,,,,,,,,,,first|middle|middle|middle|middle|middle|middle|middle|middle|middle|middle|middle|middle|middle|middle|middle|middle|last,"{'id': 'https://openalex.org/I7882870', 'display_name': 'University of Glasgow', 'ror': 'https://ror.org/00vtgdb53', 'country_code': 'GB', 'type': 'education', 'lineage': ['https://openalex.org/I7882870']}|{'id': 'https://openalex.org/I7882870', 'display_name': 'University of Glasgow', 'ror': 'https://ror.org/00vtgdb53', 'country_code': 'GB', 'type': 'education', 'lineage': ['https://openalex.org/I7882870']}|{'id': 'https://openalex.org/I7882870', 'display_name': 'University of Glasgow', 'ror': 'https://ror.org/00vtgdb53', 'country_code': 'GB', 'type': 'education', 'lineage': ['https://openalex.org/I7882870']}|{'id': 'https://openalex.org/I7882870', 'display_name': 'University of Glasgow', 'ror': 'https://ror.org/00vtgdb53', 'country_code': 'GB', 'type': 'education', 'lineage': ['https://openalex.org/I7882870']}|{'id': 'https://openalex.org/I7882870', 'display_name': 'University of Glasgow', 'ror': 'https://ror.org/00vtgdb53', 'country_code': 'GB', 'type': 'education', 'lineage': ['https://openalex.org/I7882870']}||{'id': 'https://openalex.org/I51216347', 'display_name': 'Anglia Ruskin University', 'ror': 'https://ror.org/0009t4v78', 'country_code': 'GB', 'type': 'education', 'lineage': ['https://openalex.org/I51216347']}|{'id': 'https://openalex.org/I51216347', 'display_name': 'Anglia Ruskin University', 'ror': 'https://ror.org/0009t4v78', 'country_code': 'GB', 'type': 'education', 'lineage': ['https://openalex.org/I51216347']}|{'id': 'https://openalex.org/I51216347', 'display_name': 'Anglia Ruskin University', 'ror': 'https://ror.org/0009t4v78', 'country_code': 'GB', 'type': 'education', 'lineage': ['https://openalex.org/I51216347']}|{'id': 'https://openalex.org/I51216347', 'display_name': 'Anglia Ruskin University', 'ror': 'https://ror.org/0009t4v78', 'country_code': 'GB', 'type': 'education', 'lineage': ['https://openalex.org/I51216347']}|{'id': 'https://openalex.org/I51216347', 'display_name': 'Anglia Ruskin University', 'ror': 'https://ror.org/0009t4v78', 'country_code': 'GB', 'type': 'education', 'lineage': ['https://openalex.org/I51216347']}|{'id': 'https://openalex.org/I51216347', 'display_name': 'Anglia Ruskin University', 'ror': 'https://ror.org/0009t4v78', 'country_code': 'GB', 'type': 'education', 'lineage': ['https://openalex.org/I51216347']}|{'id': 'https://openalex.org/I897542642', 'display_name': 'University of Plymouth', 'ror': 'https://ror.org/008n7pv89', 'country_code': 'GB', 'type': 'education', 'lineage': ['https://openalex.org/I897542642']}|{'id': 'https://openalex.org/I897542642', 'display_name': 'University of Plymouth', 'ror': 'https://ror.org/008n7pv89', 'country_code': 'GB', 'type': 'education', 'lineage': ['https://openalex.org/I897542642']}|{'id': 'https://openalex.org/I897542642', 'display_name': 'University of Plymouth', 'ror': 'https://ror.org/008n7pv89', 'country_code': 'GB', 'type': 'education', 'lineage': ['https://openalex.org/I897542642']}|{'id': 'https://openalex.org/I897542642', 'display_name': 'University of Plymouth', 'ror': 'https://ror.org/008n7pv89', 'country_code': 'GB', 'type': 'education', 'lineage': ['https://openalex.org/I897542642']}|{'id': 'https://openalex.org/I897542642', 'display_name': 'University of Plymouth', 'ror': 'https://ror.org/008n7pv89', 'country_code': 'GB', 'type': 'education', 'lineage': ['https://openalex.org/I897542642']}|{'id': 'https://openalex.org/I897542642', 'display_name': 'University of Plymouth', 'ror': 'https://ror.org/008n7pv89', 'country_code': 'GB', 'type': 'education', 'lineage': ['https://openalex.org/I897542642']}",GB|GB|GB|GB|GB|GB|GB|GB|GB|GB|GB|GB|GB|GB|GB|GB|GB|GB,False|False|False|False|False|False|False|False|False|False|False|False|False|False|False|False|False|False,Patrizia Di Campli San Vito|Xiaochen Yang|James Ross|Gözel Shakeri|Stephen Brewster|Satvik Venkatesh|Alex Street|Jörg Fachner|Paul Fernie|Leonardo Muller-Rodriguez|Ming Hung Hsu|Helen Odell-Miller|Hari Shaji|Paulo Vitor Itaborai|Nicolas Farina|Sube Banerjee|Alexis Kirke|Eduardo Miranda,"University of Glasgow, United Kingdom|University of Glasgow, United Kingdom|University of Glasgow, United Kingdom|University of Glasgow, United Kingdom|University of Glasgow, United Kingdom|L-Acoustics, United Kingdom|Anglia Ruskin University, United Kingdom|Anglia Ruskin University, United Kingdom|Anglia Ruskin University, United Kingdom|Anglia Ruskin University, United Kingdom|Anglia Ruskin University, United Kingdom|Emeritus Professor, CIMTR, Anglia Ruskin University, United Kingdom|University of Plymouth, United Kingdom|University of Plymouth, United Kingdom|University of Plymouth, United Kingdom|University of Plymouth, United Kingdom|Plymouth University, United Kingdom|University of Plymouth, United Kingdom","{'raw_affiliation_string': 'University of Glasgow, United Kingdom', 'institution_ids': ['https://openalex.org/I7882870']}|{'raw_affiliation_string': 'University of Glasgow, United Kingdom', 'institution_ids': ['https://openalex.org/I7882870']}|{'raw_affiliation_string': 'University of Glasgow, United Kingdom', 'institution_ids': ['https://openalex.org/I7882870']}|{'raw_affiliation_string': 'University of Glasgow, United Kingdom', 'institution_ids': ['https://openalex.org/I7882870']}|{'raw_affiliation_string': 'University of Glasgow, United Kingdom', 'institution_ids': ['https://openalex.org/I7882870']}|{'raw_affiliation_string': 'L-Acoustics, United Kingdom', 'institution_ids': []}|{'raw_affiliation_string': 'Anglia Ruskin University, United Kingdom', 'institution_ids': ['https://openalex.org/I51216347']}|{'raw_affiliation_string': 'Anglia Ruskin University, United Kingdom', 'institution_ids': ['https://openalex.org/I51216347']}|{'raw_affiliation_string': 'Anglia Ruskin University, United Kingdom', 'institution_ids': ['https://openalex.org/I51216347']}|{'raw_affiliation_string': 'Anglia Ruskin University, United Kingdom', 'institution_ids': ['https://openalex.org/I51216347']}|{'raw_affiliation_string': 'Anglia Ruskin University, United Kingdom', 'institution_ids': ['https://openalex.org/I51216347']}|{'raw_affiliation_string': 'Emeritus Professor, CIMTR, Anglia Ruskin University, United Kingdom', 'institution_ids': ['https://openalex.org/I51216347']}|{'raw_affiliation_string': 'University of Plymouth, United Kingdom', 'institution_ids': ['https://openalex.org/I897542642']}|{'raw_affiliation_string': 'University of Plymouth, United Kingdom', 'institution_ids': ['https://openalex.org/I897542642']}|{'raw_affiliation_string': 'University of Plymouth, United Kingdom', 'institution_ids': ['https://openalex.org/I897542642']}|{'raw_affiliation_string': 'University of Plymouth, United Kingdom', 'institution_ids': ['https://openalex.org/I897542642']}|{'raw_affiliation_string': 'Plymouth University, United Kingdom', 'institution_ids': ['https://openalex.org/I897542642']}|{'raw_affiliation_string': 'University of Plymouth, United Kingdom', 'institution_ids': ['https://openalex.org/I897542642']}",https://openalex.org/A5067445898|https://openalex.org/A5038412984|https://openalex.org/A5103058517|https://openalex.org/A5085188218|https://openalex.org/A5016893285|https://openalex.org/A5059641673|https://openalex.org/A5024599125|https://openalex.org/A5069844293|https://openalex.org/A5092257119|https://openalex.org/A5092257120|https://openalex.org/A5030993427|https://openalex.org/A5076072714|https://openalex.org/A5058658111|https://openalex.org/A5073664115|https://openalex.org/A5027609968|https://openalex.org/A5034164760|https://openalex.org/A5047557966|https://openalex.org/A5071496825,Patrizia Di Campli San Vito|Xiaochen Yang|James C. Ross|Gözel Shakeri|Stephen Brewster|Satvik Venkatesh|Alexander Street|Jörg Fachner|Paul Fernie|Leonardo Muller-Rodriguez|Ming Hung Hsu|Helen Odell–Miller|Hari Shaji|Paulo Vitor Itaboraí|Nicolas Farina|Sube Banerjee|Alexis Kirke|Eduardo Reck Miranda,https://orcid.org/0000-0002-2499-8464|https://orcid.org/0000-0002-9299-5951|https://orcid.org/0000-0002-6379-0535|https://orcid.org/0000-0002-3154-0814|https://orcid.org/0000-0001-9720-3899|https://orcid.org/0000-0001-5244-3020|https://orcid.org/0000-0002-7576-1176|https://orcid.org/0000-0003-4239-6915|https://orcid.org/0000-0002-3155-3623|https://orcid.org/0000-0002-9188-8003|https://orcid.org/0000-0003-2406-5389|https://orcid.org/0000-0003-4903-1417|https://orcid.org/0000-0002-1713-2099|https://orcid.org/0000-0002-4956-2958|https://orcid.org/0000-0002-0635-2547|https://orcid.org/0000-0002-8083-7649|https://orcid.org/0000-0001-8783-6182|https://orcid.org/0000-0002-8306-9585,https://openalex.org/T11519|https://openalex.org/T10283|https://openalex.org/T10860,Digital Mental Health Interventions and Efficacy|Impact of Hearing Loss on Cognitive Function|Speech Enhancement Techniques,0.8038|0.8033|0.7809,https://openalex.org/subfields/3202|https://openalex.org/subfields/2805|https://openalex.org/subfields/1711,Applied Psychology|Cognitive Neuroscience|Signal Processing,https://openalex.org/fields/32|https://openalex.org/fields/28|https://openalex.org/fields/17,Psychology|Neuroscience|Computer Science,https://openalex.org/domains/2|https://openalex.org/domains/1|https://openalex.org/domains/3,Social Sciences|Life Sciences|Physical Sciences,https://openalex.org/keywords/noise-reduction|https://openalex.org/keywords/auditory-processing|https://openalex.org/keywords/speech-enhancement|https://openalex.org/keywords/hearing-loss,Noise Reduction|Auditory Processing|Speech Enhancement|Hearing Loss,0.535985|0.52609|0.520258|0.512807,https://openalex.org/C2779483572|https://openalex.org/C2780665704|https://openalex.org/C41008148|https://openalex.org/C15744967|https://openalex.org/C74909509|https://openalex.org/C71924100|https://openalex.org/C118552586|https://openalex.org/C2779134260|https://openalex.org/C142724271,https://www.wikidata.org/wiki/Q83030|https://www.wikidata.org/wiki/Q959298|https://www.wikidata.org/wiki/Q21198|https://www.wikidata.org/wiki/Q9418|https://www.wikidata.org/wiki/Q10387|https://www.wikidata.org/wiki/Q11190|https://www.wikidata.org/wiki/Q7867|https://www.wikidata.org/wiki/Q12136|https://www.wikidata.org/wiki/Q7208,Dementia|Intervention (counseling)|Computer science|Psychology|Gerontology|Medicine|Psychiatry|Disease|Pathology,3|2|0|0|1|0|1|2|1,0.7858968|0.6727727|0.44564828|0.4093739|0.3224037|0.30818945|0.18054873|0.0|0.0,False,https://doi.org/10.1145/3652920.3653055,None,None,None,None,False,False,nan,nan,nan,nan,nan,nan,nan,nan,nan,nan,nan,nan,nan,,
https://openalex.org/W4381946582,https://doi.org/10.3233/faia230114,RadioMe: Adaptive Radio to Support People with Mild Dementia in Their Own Home,RadioMe: Adaptive Radio to Support People with Mild Dementia in Their Own Home,2023,2023-06-22,en,book-chapter,book-chapter,crossref,,1,3,,,,,5.591,True,pdf,1,False,False,,2,,,,,7,https://openalex.org/W2771374271|https://openalex.org/W2802522645|https://openalex.org/W3140416159|https://openalex.org/W3159236487|https://openalex.org/W3160076412|https://openalex.org/W4245424845|https://openalex.org/W4385729879,https://openalex.org/W4285233242|https://openalex.org/W3023978326|https://openalex.org/W2922361436|https://openalex.org/W2899084033|https://openalex.org/W2748952813|https://openalex.org/W2306745291|https://openalex.org/W2062249734|https://openalex.org/W2028184358|https://openalex.org/W163660887|https://openalex.org/W1606844582,https://api.openalex.org/works?filter=cites:W4381946582,2024-10-15T21:27:37.515936,2023-06-26,https://openalex.org/W4381946582,https://doi.org/10.3233/faia230114,True,https://doi.org/10.3233/faia230114,https://ebooks.iospress.nl/pdf/doi/10.3233/FAIA230114,https://openalex.org/S4210201731,Frontiers in artificial intelligence and applications,0922-6389,0922-6389|1879-8314,False,False,True,,,,,journal,cc-by-nc,https://openalex.org/licenses/cc-by-nc,publishedVersion,True,True,True,hybrid,https://ebooks.iospress.nl/pdf/doi/10.3233/FAIA230114,True,0.926003,False,True,70,81,,,,,https://openalex.org/T11768,The Relationship Between Music and Anxiety Management,0.7924,https://openalex.org/subfields/3207,Social Psychology,https://openalex.org/fields/32,Psychology,https://openalex.org/domains/2,Social Sciences,True,https://doi.org/10.3233/faia230114,https://ebooks.iospress.nl/pdf/doi/10.3233/FAIA230114,https://openalex.org/S4210201731,Frontiers in artificial intelligence and applications,0922-6389,0922-6389|1879-8314,False,False,True,,,,,journal,cc-by-nc,https://openalex.org/licenses/cc-by-nc,publishedVersion,True,True,,,"People with dementia and their carers are experiencing a complicated and highly personal health journey. The RadioMe system, an adaptive live radio system enriched with reminder possibilities and agitation detection and intervention with personalised calming music, is being developed to support people with mild dementia in their own home. RadioMe is an ongoing, interdisciplinary project, combining expertise on dementia, music therapy, music computation and human computer interaction.",first|middle|middle|middle|middle|middle|middle|middle|middle|middle|middle|middle|middle|middle|middle|last,"{'id': 'https://openalex.org/I7882870', 'display_name': 'University of Glasgow', 'ror': 'https://ror.org/00vtgdb53', 'country_code': 'GB', 'type': 'education', 'lineage': ['https://openalex.org/I7882870']}|{'id': 'https://openalex.org/I7882870', 'display_name': 'University of Glasgow', 'ror': 'https://ror.org/00vtgdb53', 'country_code': 'GB', 'type': 'education', 'lineage': ['https://openalex.org/I7882870']}|{'id': 'https://openalex.org/I7882870', 'display_name': 'University of Glasgow', 'ror': 'https://ror.org/00vtgdb53', 'country_code': 'GB', 'type': 'education', 'lineage': ['https://openalex.org/I7882870']}|{'id': 'https://openalex.org/I51216347', 'display_name': 'Anglia Ruskin University', 'ror': 'https://ror.org/0009t4v78', 'country_code': 'GB', 'type': 'education', 'lineage': ['https://openalex.org/I51216347']}|{'id': 'https://openalex.org/I51216347', 'display_name': 'Anglia Ruskin University', 'ror': 'https://ror.org/0009t4v78', 'country_code': 'GB', 'type': 'education', 'lineage': ['https://openalex.org/I51216347']}|{'id': 'https://openalex.org/I51216347', 'display_name': 'Anglia Ruskin University', 'ror': 'https://ror.org/0009t4v78', 'country_code': 'GB', 'type': 'education', 'lineage': ['https://openalex.org/I51216347']}|{'id': 'https://openalex.org/I51216347', 'display_name': 'Anglia Ruskin University', 'ror': 'https://ror.org/0009t4v78', 'country_code': 'GB', 'type': 'education', 'lineage': ['https://openalex.org/I51216347']}|{'id': 'https://openalex.org/I51216347', 'display_name': 'Anglia Ruskin University', 'ror': 'https://ror.org/0009t4v78', 'country_code': 'GB', 'type': 'education', 'lineage': ['https://openalex.org/I51216347']}|{'id': 'https://openalex.org/I51216347', 'display_name': 'Anglia Ruskin University', 'ror': 'https://ror.org/0009t4v78', 'country_code': 'GB', 'type': 'education', 'lineage': ['https://openalex.org/I51216347']}|{'id': 'https://openalex.org/I897542642', 'display_name': 'University of Plymouth', 'ror': 'https://ror.org/008n7pv89', 'country_code': 'GB', 'type': 'education', 'lineage': ['https://openalex.org/I897542642']}|{'id': 'https://openalex.org/I897542642', 'display_name': 'University of Plymouth', 'ror': 'https://ror.org/008n7pv89', 'country_code': 'GB', 'type': 'education', 'lineage': ['https://openalex.org/I897542642']}|{'id': 'https://openalex.org/I897542642', 'display_name': 'University of Plymouth', 'ror': 'https://ror.org/008n7pv89', 'country_code': 'GB', 'type': 'education', 'lineage': ['https://openalex.org/I897542642']}|{'id': 'https://openalex.org/I897542642', 'display_name': 'University of Plymouth', 'ror': 'https://ror.org/008n7pv89', 'country_code': 'GB', 'type': 'education', 'lineage': ['https://openalex.org/I897542642']}|{'id': 'https://openalex.org/I897542642', 'display_name': 'University of Plymouth', 'ror': 'https://ror.org/008n7pv89', 'country_code': 'GB', 'type': 'education', 'lineage': ['https://openalex.org/I897542642']}|{'id': 'https://openalex.org/I897542642', 'display_name': 'University of Plymouth', 'ror': 'https://ror.org/008n7pv89', 'country_code': 'GB', 'type': 'education', 'lineage': ['https://openalex.org/I897542642']}|{'id': 'https://openalex.org/I897542642', 'display_name': 'University of Plymouth', 'ror': 'https://ror.org/008n7pv89', 'country_code': 'GB', 'type': 'education', 'lineage': ['https://openalex.org/I897542642']}",GB|GB|GB|GB|GB|GB|GB|GB|GB|GB|GB|GB|GB|GB|GB|GB,False|False|False|False|False|False|False|False|False|False|False|False|False|False|False|False,Patrizia Di Campli San Vito|Xiaochen Yang|Stephen Brewster|Alex Street|Jörg Fachner|Paul Fernie|Leonardo Muller-Rodriguez|Ming Hung Hsu|Helen Odell-Miller|Hari Shaji|Paulo Itaborai|Beth Evison|Nicolas Farina|Sube Banerjee|Alexis Kirke|Eduardo Miranda,"University of Glasgow, Glasgow, United Kingdom|University of Glasgow, Glasgow, United Kingdom|University of Glasgow, Glasgow, United Kingdom|Anglia Ruskin University, Cambridge, United Kingdom|Anglia Ruskin University, Cambridge, United Kingdom|Anglia Ruskin University, Cambridge, United Kingdom|Anglia Ruskin University, Cambridge, United Kingdom|Anglia Ruskin University, Cambridge, United Kingdom|Anglia Ruskin University, Cambridge, United Kingdom|University of Plymouth, Plymouth, United Kingdom|University of Plymouth, Plymouth, United Kingdom|University of Plymouth, Plymouth, United Kingdom|University of Plymouth, Plymouth, United Kingdom|University of Plymouth, Plymouth, United Kingdom|University of Plymouth, Plymouth, United Kingdom|University of Plymouth, Plymouth, United Kingdom","{'raw_affiliation_string': 'University of Glasgow, Glasgow, United Kingdom', 'institution_ids': ['https://openalex.org/I7882870']}|{'raw_affiliation_string': 'University of Glasgow, Glasgow, United Kingdom', 'institution_ids': ['https://openalex.org/I7882870']}|{'raw_affiliation_string': 'University of Glasgow, Glasgow, United Kingdom', 'institution_ids': ['https://openalex.org/I7882870']}|{'raw_affiliation_string': 'Anglia Ruskin University, Cambridge, United Kingdom', 'institution_ids': ['https://openalex.org/I51216347']}|{'raw_affiliation_string': 'Anglia Ruskin University, Cambridge, United Kingdom', 'institution_ids': ['https://openalex.org/I51216347']}|{'raw_affiliation_string': 'Anglia Ruskin University, Cambridge, United Kingdom', 'institution_ids': ['https://openalex.org/I51216347']}|{'raw_affiliation_string': 'Anglia Ruskin University, Cambridge, United Kingdom', 'institution_ids': ['https://openalex.org/I51216347']}|{'raw_affiliation_string': 'Anglia Ruskin University, Cambridge, United Kingdom', 'institution_ids': ['https://openalex.org/I51216347']}|{'raw_affiliation_string': 'Anglia Ruskin University, Cambridge, United Kingdom', 'institution_ids': ['https://openalex.org/I51216347']}|{'raw_affiliation_string': 'University of Plymouth, Plymouth, United Kingdom', 'institution_ids': ['https://openalex.org/I897542642']}|{'raw_affiliation_string': 'University of Plymouth, Plymouth, United Kingdom', 'institution_ids': ['https://openalex.org/I897542642']}|{'raw_affiliation_string': 'University of Plymouth, Plymouth, United Kingdom', 'institution_ids': ['https://openalex.org/I897542642']}|{'raw_affiliation_string': 'University of Plymouth, Plymouth, United Kingdom', 'institution_ids': ['https://openalex.org/I897542642']}|{'raw_affiliation_string': 'University of Plymouth, Plymouth, United Kingdom', 'institution_ids': ['https://openalex.org/I897542642']}|{'raw_affiliation_string': 'University of Plymouth, Plymouth, United Kingdom', 'institution_ids': ['https://openalex.org/I897542642']}|{'raw_affiliation_string': 'University of Plymouth, Plymouth, United Kingdom', 'institution_ids': ['https://openalex.org/I897542642']}",https://openalex.org/A5067445898|https://openalex.org/A5038412984|https://openalex.org/A5016893285|https://openalex.org/A5024599125|https://openalex.org/A5069844293|https://openalex.org/A5092257119|https://openalex.org/A5092257120|https://openalex.org/A5030993427|https://openalex.org/A5076072714|https://openalex.org/A5058658111|https://openalex.org/A5073664115|https://openalex.org/A5092257118|https://openalex.org/A5027609968|https://openalex.org/A5034164760|https://openalex.org/A5047557966|https://openalex.org/A5071496825,Patrizia Di Campli San Vito|Xiaochen Yang|Stephen Brewster|Alexander Street|Jörg Fachner|Paul Fernie|Leonardo Muller-Rodriguez|Ming Hung Hsu|Helen Odell–Miller|Hari Shaji|Paulo Vitor Itaboraí|Beth Evison|Nicolas Farina|Sube Banerjee|Alexis Kirke|Eduardo Reck Miranda,https://orcid.org/0000-0002-2499-8464|https://orcid.org/0000-0002-9299-5951|https://orcid.org/0000-0001-9720-3899|https://orcid.org/0000-0002-7576-1176|https://orcid.org/0000-0003-4239-6915|https://orcid.org/0000-0002-3155-3623|https://orcid.org/0000-0002-9188-8003|https://orcid.org/0000-0003-2406-5389|https://orcid.org/0000-0003-4903-1417|https://orcid.org/0000-0002-1713-2099|https://orcid.org/0000-0002-4956-2958|https://orcid.org/0009-0003-3049-972X|https://orcid.org/0000-0002-0635-2547|https://orcid.org/0000-0002-8083-7649|https://orcid.org/0000-0001-8783-6182|https://orcid.org/0000-0002-8306-9585,https://openalex.org/T11768|https://openalex.org/T10444|https://openalex.org/T10429,The Relationship Between Music and Anxiety Management|Activity Recognition in Pervasive Computing Environments|Brain-Computer Interfaces in Neuroscience and Medicine,0.7924|0.7097|0.6911,https://openalex.org/subfields/3207|https://openalex.org/subfields/1707|https://openalex.org/subfields/2805,Social Psychology|Computer Vision and Pattern Recognition|Cognitive Neuroscience,https://openalex.org/fields/32|https://openalex.org/fields/17|https://openalex.org/fields/28,Psychology|Computer Science|Neuroscience,https://openalex.org/domains/2|https://openalex.org/domains/3|https://openalex.org/domains/1,Social Sciences|Physical Sciences|Life Sciences,https://openalex.org/keywords/music-therapy,Music Therapy,0.505398,https://openalex.org/C2779483572|https://openalex.org/C2780665704|https://openalex.org/C15744967|https://openalex.org/C2779284498|https://openalex.org/C3019887659|https://openalex.org/C75630572|https://openalex.org/C71924100|https://openalex.org/C74909509|https://openalex.org/C542102704|https://openalex.org/C118552586|https://openalex.org/C2779134260|https://openalex.org/C142724271,https://www.wikidata.org/wiki/Q83030|https://www.wikidata.org/wiki/Q959298|https://www.wikidata.org/wiki/Q9418|https://www.wikidata.org/wiki/Q209642|https://www.wikidata.org/wiki/Q191089|https://www.wikidata.org/wiki/Q538904|https://www.wikidata.org/wiki/Q11190|https://www.wikidata.org/wiki/Q10387|https://www.wikidata.org/wiki/Q183257|https://www.wikidata.org/wiki/Q7867|https://www.wikidata.org/wiki/Q12136|https://www.wikidata.org/wiki/Q7208,Dementia|Intervention (counseling)|Psychology|Music therapy|Older people|Applied psychology|Medicine|Gerontology|Psychotherapist|Psychiatry|Disease|Pathology,3|2|0|2|2|1|0|1|1|1|2|1,0.88482565|0.66837144|0.51213765|0.50356334|0.44087476|0.32334757|0.3092938|0.29971153|0.27439526|0.24003151|0.0|0.0,True|True,https://doi.org/10.3233/faia230114|https://eprints.gla.ac.uk/301683/1/301683.pdf,https://ebooks.iospress.nl/pdf/doi/10.3233/FAIA230114|https://eprints.gla.ac.uk/301683/1/301683.pdf,cc-by-nc|cc-by-nc,https://openalex.org/licenses/cc-by-nc|https://openalex.org/licenses/cc-by-nc,publishedVersion|acceptedVersion,True|True,True|False,https://openalex.org/S4210201731|https://openalex.org/S4306400411,Frontiers in artificial intelligence and applications|Enlighten: Publications (The University of Glasgow),0922-6389|None,0922-6389|1879-8314|None,False|True,False|False,True|False,None|https://openalex.org/I7882870,None|University of Glasgow,|https://openalex.org/I7882870,|University of Glasgow,journal|repository,nan|nan,2024,1
