PC1,PC2,PC3,PC4,PC5,PC6,PC7,PC8,PC9,PC10,PC11,PC12,PC13,PC14,PC15,PC16,PC17,PC18,PC19,PC20,PC21,PC22,PC23,PC24,PC25,PC26,PC27,PC28,PC29,PC30,PC31,PC32,PC33,PC34,PC35,PC36,PC37,PC38,PC39,PC40,PC41,PC42,PC43
blockchain,blockchain,fabrication,fabrication,material,fabrication,fabrication,computational,herbal,plasmonic,herbal,autonomous,autonomous,metamaterial,material,metamaterial,device,computation,computation,microfluidic,graphene,parkavousi,device,microfluidic,giacometti,varela,computational,baulin,microfluidic,modeling,supply,microfluidic,synthesis,supply,azizi,novel,biological,fiber,microfluidic,comfort,biomolecular,biomolecular,machine
community,biomedical,blockchain,device,stochastic,electronic,device,autonomous,ivanova,ivanova,ghim,thermodynamic,mahore,community,ghim,garcia,statistical,morphological,morphological,giacometti,biophysic,metamaterial,supply,parkavousi,community,microfluidic,machine,datum,caballero,microfluidic,predictive,ecological,baulin,chain,tzanov,dmitry,computational,azizi,biomolecular,computational,datum,microfluidic,modeler
project,community,science,material,thermodynamic,flexible,matter,thermodynamic,device,nanoparticle,ivanova,stochastic,giacometti,autonomous,plasmonic,serra,metamaterial,equilibrium,equilibrium,metamaterial,jose,autonomous,electronic,device,ghim,rosales,healthcare,azizi,parkavousi,project,biologist,zu,tool,baulin,ecological,analytical,microfluidic,synthesis,complication,biomolecular,platform,piñeros,piñeros
biomedical,datum,community,electronic,project,biophysic,soft,stochastic,matter,castro,plasmonic,herbal,statistical,graphene,biophysic,topological,giacometti,non,non,computation,nanomaterial,award,ghosh,laya,janzen,herbal,learning,treatment,develop,device,chain,mengjie,supply,synthesis,bio,experimental,benefit,ilie,technological,platform,process,modeler,probabilistic
local,physics,healthcare,blockchain,ghim,project,datum,research,fabrication,nanobiotechnology,biophysic,mahore,rupesh,biophysic,thermodynamic,research,biophysic,machine,janzen,morphological,active,drive,semiconductor,polymer,azizi,duration,modeling,project,design,ghosh,nanotechnology,computation,chain,biomolecular,vassil,fedosov,bio,biomolecular,samuel,sustainable,microfluidic,process,design
sustainability,computational,biomedical,thermodynamic,biological,biomedical,thermodynamic,metamaterial,soft,herbal,nanobiotechnology,project,community,intelligent,nanoparticle,matter,microgel,science,supply,ghim,biomedical,equilibrium,chain,award,achille,ai,biological,advanced,hidalgo,semiconductor,caballero,morphological,biomolecular,advanced,baulin,belayachi,science,local,physics,fiber,biological,machine,learn
market,device,datum,flexible,biophysic,material,electronic,machine,nanobiotechnology,becerril,nanoparticle,fabrication,microfluidic,jose,microgel,device,fabrication,louis,matter,ai,tzanov,community,flexible,integrate,microfluidic,material,stern,parkavousi,process,supply,learning,biological,phase,ghosh,technological,janzen,resource,belayachi,range,surveillance,herbal,breach,learning
ensure,data,computational,stochastic,ensure,phase,autonomous,technological,autonomous,matter,statistical,solution,modeling,nanomaterial,healthcare,giacometti,efficiency,parkavousi,giulia,biophysic,predictive,graphene,metamaterial,ghosh,baulin,novel,underserve,tzanov,giulia,medical,biological,tzanov,nanotechnology,semiconductor,janzen,giulia,theoretical,composite,engineer,ensure,intelligent,probabilistic,method
expert,adaptive,research,adaptive,ivanova,thermodynamic,flexible,biomedical,biomimetic,biomimetic,castro,machine,metamaterial,non,nonequilibrium,plasmonic,engineering,modeling,chain,caballero,technological,machine,parkavousi,semiconductor,statistical,matter,adaptive,biologist,samuel,chain,biophysic,biomolecular,parkavousi,decision,advanced,transition,complication,construction,analytical,address,equipment,comfort,inverse
global,modeling,device,project,science,metamaterial,metamaterial,solution,surface,soft,biomimetic,equilibrium,device,ai,castro,technological,parkavousi,stochastic,complex,computational,fedosov,giulia,award,soft,supply,ecological,physical,machine,control,novel,datum,janzen,funding,blockchain,giulia,involve,analytical,natural,caballero,synthesis,educational,herbal,computational
