PC1,PC2,PC3,PC4,PC5,PC6,PC7,PC8,PC9,PC10,PC11,PC12,PC13,PC14,PC15,PC16,PC17,PC18,PC19,PC20,PC21,PC22,PC23,PC24,PC25,PC26,PC27,PC28,PC29,PC30,PC31,PC32,PC33,PC34,PC35,PC36,PC37,PC38,PC39,PC40,PC41,PC42,PC43,PC44,PC45,PC46,PC47,PC48,PC49,PC50,PC51,PC52,PC53,PC54,PC55,PC56,PC57,PC58,PC59,PC60,PC61,PC62,PC63,PC64,PC65,PC66,PC67,PC68,PC69,PC70,PC71,PC72,PC73,PC74
soft,blake,rsa,blake,game,spatial,quantum,cognitive,insect,cooking,blockchain,fep,probabilistic,negotiation,chemical,negotiation,hospitality,pme,atm,pme,neural,neural,traditional,python,mitochondrial,logistic,astronomical,astronomical,hymenoptera,security,material,bayesian,bayesian,colloidal,entomological,synergetic,food,synergetic,scientific,synergetic,artwork,rsa,artistic,intelligent,ai,component,active,fitness,bayesian,cooking,domain,fitness,art,cooking,web,web,fuller,community,water,biomedical,spectroscopy,adaptive,protocol,cryptography,generative,guest,educational,educational,simulation,virtual,classical,engine,simulation,chowdhury
fep,rsa,quantum,insect,quantum,game,game,security,cognitive,food,spatial,synergetic,synergetic,traditional,reaction,exercise,exercise,exercise,user,exercise,pme,biology,non,material,hymenoptera,fabric,fabric,hymenoptera,healthcare,physical,python,probabilistic,probabilistic,entomological,food,fuller,cooking,neural,symbolic,neural,computational,cryptographic,artwork,matter,computational,transaction,message,biomechanic,inference,fitness,decentralized,domain,imagination,fitness,analytical,energy,inference,oral,physics,ai,biomedical,generative,transmission,guest,biological,hierarchical,simulation,spectroscopy,ai,computing,correction,scientific,quasicrystal,preparation
matter,security,cryptographic,art,insect,quantum,soft,spatial,traditional,culinary,web,probabilistic,fuller,probabilistic,chemistry,traditional,guest,hospitality,hospitality,biology,datum,neuroscience,holistic,healthcare,function,supply,logistic,astronomy,patient,cognitive,hymenoptera,python,material,bayesian,colloidal,geometric,biomedical,symbolic,non,symbolic,artistic,cryptography,sustainable,green,component,biometric,pass,domain,pass,culinary,population,cooking,cooking,biomechanic,art,spatial,model,cultural,collection,supply,robotic,threat,device,material,educational,hospitality,hierarchical,simulation,physics,interact,computing,educational,industrial,negotiator
inference,blockchain,cryptography,fep,blake,blockchain,fep,insect,quantum,traditional,probabilistic,fuller,inference,cooking,cooking,pme,atm,guest,transaction,neural,python,biological,modern,computational,logistic,governance,astronomy,fabric,telehealth,surveillance,healthcare,hymenoptera,neuroscience,neural,pest,polymer,entomological,cellular,blake,cellular,symbolic,computational,digital,inference,generative,fraud,computational,health,message,domain,ipm,robotic,conservation,kraft,community,decentralize,sustainable,policy,microscopy,finance,advanced,cybersecurity,efficient,cryptographer,hierarchical,wellness,mental,mental,mimicry,query,error,dynamic,simulate,negotiate
blake,cryptographic,fep,artistic,blockchain,cognitive,blockchain,fep,blake,synergetic,supply,blockchain,traditional,food,food,chemical,service,datum,cognitive,datum,biomaterial,python,way,patient,disease,chain,governance,healthcare,mitochondrial,atm,fabric,inference,biomaterial,food,insect,symbolic,intelligent,fuller,artistic,cell,device,food,scientific,food,transaction,authentication,granular,decentralized,cooking,ipm,biomedical,biomechanic,scientific,intelligent,active,efficiency,generative,tradition,ai,management,educational,bias,retrieval,generative,initial,free,bias,engine,scientific,kraft,engine,mechanic,granular,behavioral
probabilistic,cognitive,game,inference,security,insect,matter,game,security,fuller,inference,bayesian,bayesian,inference,culinary,hospitality,blockchain,machine,pme,biological,tissue,hymenoptera,narrative,health,bioinformatic,mesh,mesh,patient,health,cyber,patient,datum,neuroscientific,neuroscience,cooking,python,recipe,cell,communication,synthetic,rsa,protocol,symbolism,machine,biometric,usability,component,biomechanical,generative,biomechanic,entomological,culinary,symbolic,culinary,polymer,computing,structure,practice,review,chain,supply,web,optimize,biomedical,technology,service,physics,processing,virtual,assemble,educational,prototype,hybrid,theory
intelligent,insect,spatial,entomology,engine,web,cognitive,rsa,game,chemical,insect,sustainable,fep,culinary,negotiation,reaction,material,python,fraud,insect,astronomical,mitochondrial,know,traditional,insect,blockchain,hymenoptera,python,biological,fabric,computational,neuroscience,python,biomaterial,conservation,experimental,membrane,geometric,synergetic,sustainable,material,robotic,biomedical,reaction,food,non,transaction,movement,matter,ingredient,disease,decentralized,preservation,inference,pme,efficient,bayesian,base,adaptation,decentralized,biological,adapt,iot,tool,mental,comfort,hospitality,player,bias,reality,optimization,interactive,scientific,xie
active,art,material,entomological,cognitive,security,intelligent,cooking,cooking,ingredient,chain,geometric,negotiation,exercise,soft,atm,industry,fitness,biometric,fep,neuroscience,brain,material,polymer,ecological,transportation,architecture,telehealth,biology,bayesian,bayesian,biomaterial,tissue,neuroscientific,population,sustainable,lipid,biomedical,sustainable,tissue,synergetic,data,non,rheological,active,symbolic,programming,equipment,probabilistic,cellular,entomology,web,culinary,assembly,autonomous,interoperability,kraft,ethnographic,certification,interoperable,ai,engagement,performance,hospitality,guest,machine,guest,cryptography,mechanic,simulation,simulation,monetization,compute,dataset
game,cryptography,cognitive,rsa,simulation,rsa,rsa,food,soft,reaction,contract,inference,soft,spatial,kinetic,chemistry,biology,disciplinary,atms,tissue,fabric,neuroscientific,community,library,biological,architecture,astrophysical,health,non,control,astronomical,neuroscientific,neural,probabilistic,recipe,thermodynamic,soft,neuroscientific,polymer,artwork,food,research,humanity,probabilistic,inference,atms,kraft,plan,kraft,device,decentralize,smart,philosophical,art,domain,community,design,fieldwork,desert,cooking,experimental,analysis,storage,industry,robustness,intelligent,free,ai,energy,classical,kraft,engaging,distribute,successful
blockchain,spatial,ai,spatial,art,cryptographic,insect,web,culinary,sustainable,bayesian,principle,spatial,soft,matter,datum,sustainability,learning,guest,mitochondrial,data,pme,science,community,population,microsoft,microsoft,governance,disease,hymenoptera,probabilistic,soft,disease,biological,biomimetic,rsa,population,material,visualization,geometric,cryptographic,intelligent,xie,fuller,green,friendly,material,physics,culinary,entomology,transmission,responsive,history,robotic,imagination,industrial,software,xie,handbook,material,simulation,initiative,query,sensitive,granular,industry,physical,misinformation,financial,geospatial,problem,simulation,principle,research
